Frame,Target_X,Target_Y,Gaze_X,Gaze_Y,Distance,Concentration_Percentage
1,772,435,1535,0,878.2903847817076,0.0
2,776,438,1535,0,876.3133001387118,0.0
3,780,441,1315,0,693.3296474260999,0.0
4,784,444,1083,0,535.2915093666254,0.0
5,788,447,872,0,454.82414183945866,0.0
6,792,450,571,0,501.339206525881,0.0
7,796,453,277,0,688.8904121846957,0.0
8,800,456,41,0,885.4473445665756,0.0
9,804,459,0,0,925.7953337536326,0.0
10,808,462,0,0,930.7566814157178,0.0
11,812,465,0,0,935.7184405578422,0.0
12,816,468,0,0,940.6806046687685,0.0
13,820,471,0,0,945.643167373402,0.0
14,824,474,0,0,950.6061224292636,0.0
15,828,477,0,0,955.5694637230723,0.0
16,832,480,0,0,960.5331852674326,0.0
17,836,483,0,0,965.497281197622,0.0
18,840,486,0,0,970.4617457684769,0.0
19,844,489,0,0,975.4265733513722,0.0
20,848,492,3,0,977.7980364062919,0.0
21,852,495,33,0,956.9670840734283,0.0
22,856,498,57,0,941.4908390419952,0.0
23,860,501,74,0,932.0928065380614,0.0
24,864,504,46,0,960.8017485412898,0.0
25,868,507,21,0,987.1463923856481,0.0
26,872,510,0,0,1010.1900811233497,0.0
27,876,513,0,0,1015.1576232290234,0.0
28,880,516,355,0,736.1256686191564,0.0
29,884,519,833,0,521.4997603067523,0.0
30,888,522,1257,0,639.2534708548715,0.0
31,892,525,1535,0,830.1048126592208,0.0
32,896,528,1535,0,828.9179694034868,0.0
33,900,531,1535,0,827.7596269449242,0.0
34,1068,657,1535,0,806.0632729507033,0.0
35,1072,660,1535,0,806.2065492167625,0.0
36,1076,663,1535,0,806.3808033429367,0.0
37,1080,666,1535,0,806.5860152519383,0.0
38,1084,669,1535,57,760.2269398015305,0.0
39,1088,672,1535,63,755.4402689822671,0.0
40,1092,675,1535,62,756.3187158863649,0.0
41,1096,678,1535,61,757.2384036748268,0.0
42,1100,681,1535,60,758.1991822733654,0.0
43,1104,684,1535,68,751.8091513143479,0.0
44,1108,687,1535,74,747.0595692446486,0.0
45,1112,690,1535,91,733.3007568521937,0.0
46,1116,693,1535,104,722.8291637724643,0.0
47,1120,696,1535,133,699.4240487715589,0.0
48,1124,699,1328,156,580.0560317762414,0.0
49,1128,702,1036,207,503.4769110892773,0.0
50,1132,705,695,254,627.9888534042623,0.0
51,1136,708,332,301,901.1464919756388,0.0
52,1140,711,7,372,1182.6284285438094,0.0
53,1144,714,0,452,1173.618336598402,0.0
54,1148,717,0,516,1165.4634271396078,0.0
55,1152,720,0,568,1161.9845093631843,0.0
56,1156,723,0,606,1161.9057620994915,0.0
57,1160,726,0,597,1167.150804309366,0.0
58,1164,729,0,590,1172.2700200892284,0.0
59,1168,732,0,571,1179.0441043489425,0.0
60,1172,735,0,554,1185.8941774037007,0.0
61,1176,738,0,531,1194.079143105682,0.0
62,1180,741,61,465,1152.5350320055352,0.0
63,1184,744,135,390,1107.121041259717,0.0
64,1188,747,195,330,1077.0041782648757,0.0
65,1192,750,212,304,1076.7153755751797,0.0
66,1196,753,188,333,1092.0,0.0
67,1200,756,155,362,1116.8083989655522,0.0
68,1204,759,93,390,1170.6758731604577,0.0
69,1208,762,44,413,1215.1942231594091,0.0
70,1212,765,0,436,1255.860262927369,0.0
71,1216,768,0,472,1251.5078905064881,0.0
72,1220,771,0,501,1249.5199078045935,0.0
73,1224,774,0,523,1249.4706879314936,0.0
74,1228,777,5,542,1245.3730364834466,0.0
75,1232,780,108,557,1145.9079369652695,0.0
76,1236,783,232,569,1026.5534569616918,0.0
77,1240,786,331,592,929.4713551261276,0.0
78,1244,789,410,609,853.2033755207489,0.0
79,1248,792,557,624,711.1293834457974,0.0
80,1252,795,674,541,631.3477647065839,0.0
81,1256,798,489,417,856.4169545262401,0.0
82,1264,804,211,240,1194.5312888325698,0.0
83,1272,798,0,0,1501.595151830213,0.0
84,1404,699,0,0,1568.380374781577,0.0
85,1408,696,0,0,1570.6304466678341,0.0
86,1416,690,0,0,1575.1685624084807,0.0
87,1420,687,0,0,1577.4564970229765,0.0
88,1452,663,0,863,1465.709384564348,0.0
89,1460,657,0,863,1474.461257544599,0.0
90,1464,654,0,863,1478.8431289355879,0.0
91,1460,633,960,863,550.3635162326806,0.0
92,1456,630,1535,863,246.02845363900494,32.79278822270336
93,1452,627,1309,639,143.50261321662404,65.50897330249987
94,1448,624,0,0,1576.7307950312888,0.0
95,1444,621,0,0,1571.8705417431806,0.0
96,1440,618,0,0,1567.0111677968348,0.0
97,1436,615,0,0,1562.1526813983326,0.0
98,1432,612,0,0,1557.2950908546525,0.0
99,1428,609,0,0,1552.4384045752024,0.0
100,1424,606,0,0,1547.5826310733783,0.0
101,1420,603,0,0,1542.7277789681496,0.0
102,1416,600,0,0,1537.8738569856762,0.0
103,1412,597,0,0,1533.0208739609516,0.0
104,1408,594,0,0,1528.1688388394784,0.0
105,1404,591,0,0,1523.3177606789727,0.0
106,1400,588,0,0,1518.4676486510998,0.0
107,1396,585,0,0,1513.6185120432426,0.0
108,1392,582,0,0,1508.7703602603015,0.0
109,1388,579,0,0,1503.9232028265274,0.0
110,1384,576,0,70,1473.5983170457273,0.0
111,1380,573,0,199,1429.7818015347657,0.0
112,1376,570,0,301,1402.0474314373248,0.0
113,1372,567,45,376,1340.6752030227158,0.0
114,1368,564,164,420,1212.5807189626594,0.0
115,1364,561,259,455,1110.0725201535258,0.0
116,1360,558,292,451,1073.3466355283367,0.0
117,1356,555,362,447,999.8499887483122,0.0
118,1352,552,418,444,940.2233777140409,0.0
119,1348,549,347,408,1010.8817932874249,0.0
120,1344,546,260,383,1096.1865717112212,0.0
121,1340,543,175,359,1179.4409692731554,0.0
122,1336,540,80,334,1272.7812066494382,0.0
123,1332,537,31,319,1319.137976104092,0.0
124,1328,534,7,313,1339.3588018152566,0.0
125,1324,531,141,347,1197.2238721308559,0.0
126,1320,528,253,376,1077.7722393901226,0.0
127,1316,525,379,404,944.7803977644752,0.0
128,1312,522,480,432,836.8536311685575,0.0
129,1308,519,560,498,748.2947280316761,0.0
130,1304,516,556,555,749.0160211904682,0.0
131,1300,513,552,601,753.1586818194423,0.0
132,1296,510,545,639,761.998687662912,0.0
133,1292,507,510,668,798.4015280546499,0.0
134,1288,504,415,470,873.6618338922675,0.0
135,1284,501,308,311,994.3218794736441,0.0
136,1280,498,167,184,1156.4449835595292,0.0
137,1276,495,53,190,1260.457853321562,0.0
138,1272,492,19,203,1285.8965743791373,0.0
139,1268,489,148,267,1141.7898230410008,0.0
140,1264,486,295,334,980.8491219346633,0.0
141,1260,483,463,396,801.7343699754925,0.0
142,1256,480,610,446,646.8941180749753,0.0
143,1252,477,727,486,525.077137190337,0.0
144,1248,474,831,518,419.3149174546501,0.0
145,1244,471,944,497,301.12455894529757,0.0
146,1240,468,1035,445,206.2862089428181,46.940040932999274
147,1236,465,983,402,260.725909721301,26.67105356386662
148,1232,462,1065,367,192.13016421166145,51.43469819715508
149,1228,459,1131,341,152.75143207184672,62.96575080411383
150,1224,456,1211,321,135.6244815658294,67.6340388394112
151,1200,438,1274,305,152.2005256232711,63.118775158792495
152,1196,435,1535,339,352.33081046085084,0.0
153,1192,432,1535,365,349.48247452483224,0.0
154,1188,429,953,340,251.28867861485523,30.678253122618266
155,1184,426,254,0,1022.9252172079833,0.0
156,1180,423,816,0,558.0546568213547,0.0
157,1176,420,233,0,1032.30276566519,0.0
158,1172,417,873,0,513.117920170403,0.0
159,1168,414,1535,0,553.2494916400738,0.0
160,1164,411,1535,0,553.6804132349274,0.0
161,1160,408,1535,0,554.156115187769,0.0
162,1156,405,1535,0,554.6764822849442,0.0
163,1152,402,1535,0,555.2413889471858,0.0
164,1148,399,1535,0,555.850699378889,0.0
165,1144,396,1535,0,556.5042677284695,0.0
166,1140,393,1535,0,557.2019382593711,0.0
167,1136,390,1535,0,557.9435455312661,0.0
168,1132,387,1535,0,558.728914590967,0.0
169,1128,384,1339,0,438.15180017888775,0.0
170,1124,381,1319,0,428.00233644222084,0.0
171,1120,378,1304,0,420.4045670541651,0.0
172,1116,375,1152,0,376.7240369288904,0.0
173,1112,372,1031,0,380.7164299055138,0.0
174,1108,369,1111,0,369.0121949204389,0.0
175,1072,342,1272,0,396.1868246168719,0.0
176,1068,339,1401,0,475.19469694010684,0.0
177,1060,333,1504,0,555.0,0.0
178,1056,330,1535,0,581.6708691347711,0.0
179,1052,327,1535,0,583.2820929876041,0.0
180,1048,324,1320,0,423.03664143901295,0.0
181,1024,306,816,0,370.0,0.0
182,1020,303,400,0,690.0789809869592,0.0
183,1000,288,0,0,1040.645953242504,0.0
184,996,285,0,0,1035.9734552583864,0.0
185,952,252,0,0,984.7883021238625,0.0
186,840,168,0,0,856.6352782835878,0.0
187,836,165,0,0,852.1273379020298,0.0
188,832,162,0,0,847.6249170476291,0.0
189,828,159,0,0,843.1281041455088,0.0
190,824,156,235,0,609.308624590199,0.0
191,820,153,343,0,500.93712180272684,0.0
192,816,150,430,0,414.12075533592855,0.0
193,812,147,474,0,368.5824195481928,0.0
194,808,144,450,0,385.87562763149475,0.0
195,804,141,431,0,398.76057979695037,0.0
196,800,138,300,0,518.6945151049894,0.0
197,796,135,156,0,654.0833280248014,0.0
198,792,132,0,0,802.924653999365,0.0
199,788,129,0,0,798.489198424124,0.0
200,784,126,0,0,794.060451099285,0.0
201,780,123,0,0,789.6385248960438,0.0
202,776,120,0,74,777.3622064391863,0.0
203,772,117,0,181,774.6483072982217,0.0
204,768,114,0,277,785.1069990771958,0.0
205,764,111,0,379,809.6418961491555,0.0
206,760,108,0,461,837.9791166848969,0.0
207,756,105,0,526,865.3190163171037,0.0
208,752,102,0,586,894.2930168574503,0.0
209,748,99,0,609,905.3198329872156,0.0
210,744,96,0,626,913.4746849256414,0.0
211,740,93,0,632,915.4894865589664,0.0
212,736,90,0,572,879.7840644158088,0.0
213,732,87,0,520,850.4781008350539,0.0
214,728,84,0,440,810.3826256775252,0.0
215,724,81,0,339,768.5961228109338,0.0
216,720,78,0,259,742.4021821088621,0.0
217,716,75,0,194,725.8216034260761,0.0
218,712,72,0,143,715.5312711545178,0.0
219,708,69,0,99,708.6353081804491,0.0
220,704,66,0,38,704.5565981523415,0.0
221,700,63,0,0,702.8292822585013,0.0
222,696,60,0,0,698.5814197357385,0.0
223,692,63,0,0,694.8618567744239,0.0
224,688,66,0,0,691.158447825099,0.0
225,684,69,0,0,687.4714539528169,0.0
226,680,72,0,0,683.8011406834593,0.0
227,676,75,0,0,680.147778060033,0.0
228,672,78,0,0,676.5116406980741,0.0
229,668,81,0,0,672.893007840028,0.0
230,664,84,0,0,669.2921634084773,0.0
231,660,87,0,71,660.1939109079998,0.0
232,656,90,0,151,658.8300236024463,0.0
233,652,93,0,215,663.315912669069,0.0
234,648,96,0,266,669.9283543782873,0.0
235,644,99,0,307,676.7569726275452,0.0
236,640,102,0,339,682.4727100771137,0.0
237,636,105,0,337,676.9933529954337,0.0
238,632,108,0,336,671.8690348572406,0.0
239,628,111,0,324,663.1387486793393,0.0
240,624,114,0,314,655.2678841512072,0.0
241,620,117,0,261,636.5029457905124,0.0
242,616,120,0,219,623.9046401494383,0.0
243,612,123,0,185,615.1325060505256,0.0
244,608,126,0,194,611.7908139225368,0.0
245,604,129,0,201,608.276253029822,0.0
246,600,132,0,206,604.5461107310177,0.0
247,596,135,45,211,556.216684395569,0.0
248,592,138,239,215,361.3004290061112,0.0
249,588,141,395,219,208.16579930430456,46.32592259183991
250,584,144,520,258,130.73637596323374,68.93464561559834
251,580,147,620,297,155.24174696260025,62.271503433073164
252,576,150,597,328,179.2344832893492,55.352099459433305
253,572,153,700,353,237.45315327449327,36.091481313189284
254,568,156,782,339,281.5759222660915,16.306919477395127
255,564,159,1032,328,497.5791394341206,0.0
256,560,162,1290,319,746.6920382594152,0.0
257,556,165,1501,312,956.3649930857988,0.0
258,552,168,1535,311,993.3468679167413,0.0
259,548,171,1535,333,1000.2064786832767,0.0
260,544,174,1535,359,1008.1200325358087,0.0
261,540,177,1535,372,1013.928005333712,0.0
262,536,180,1535,382,1019.2178373635344,0.0
263,532,183,1535,351,1016.9724676705855,0.0
264,528,186,1535,302,1013.6592129507826,0.0
265,524,189,1535,262,1013.6320831544352,0.0
266,520,192,1535,231,1015.7489847398323,0.0
267,516,195,1535,205,1019.0490665321273,0.0
268,512,198,1535,216,1023.1583455164699,0.0
269,508,201,1535,224,1027.2575139661915,0.0
270,504,204,1535,231,1031.3534796567083,0.0
271,500,207,1535,253,1036.021717919079,0.0
272,496,210,1535,272,1040.8482117965136,0.0
273,492,213,1535,286,1045.5515290983988,0.0
