Direction,Left_Horizontal,Left_Vertical,Right_Horizontal,Right_Vertical
CENTER,-0.11145830340613892,-0.04662277590295384,0.026078302351234227,-0.05386722192285121
CENTER,-0.08720365916983662,-0.05165086157687507,0.030097288275184018,-0.05588138764776672
CENTER,-0.0810265618702436,-0.055286253537690074,0.028411409981913376,-0.059222166583208405
CENTER,-0.07739808118254671,-0.05783015292963302,0.029986438939832157,-0.06353476971972714
CENTER,-0.07695990789602122,-0.06015922886414095,0.030306137254618296,-0.06712877101560548
CENTER,-0.07741104752060683,-0.06150575397815894,0.032173143309950386,-0.06767792699764699
CENTER,-0.07796199904292989,-0.06278605672547068,0.032269593463084605,-0.07059226534674991
CENTER,-0.07830362829027523,-0.06270738013552922,0.03227587788786332,-0.07151730915428973
CENTER,-0.07864818685146455,-0.06365423679096516,0.03153267115906134,-0.07276416712914593
CENTER,-0.07876026365155298,-0.0643950321510212,0.030538082859096455,-0.07442212099372816
CENTER,-0.07895824454569342,-0.0651051758251581,0.029509834782781637,-0.07615271774128865
CENTER,-0.07891431700735203,-0.06590692658623484,0.028544050121300228,-0.07712171952754493
CENTER,-0.07828292897456599,-0.06629245767060085,0.027655933237005846,-0.07734428652268795
CENTER,-0.07776434903518369,-0.06629839480894381,0.02646948739203253,-0.0773858030647552
CENTER,-0.07710681964570847,-0.0672867592344779,0.026504834014414145,-0.07819294127351226
CENTER,-0.07800885677625745,-0.06686910166773659,0.025024496877121428,-0.07855421322219423
CENTER,-0.07959644152145483,-0.06680595722192019,0.023050541553463328,-0.07854033832744156
CENTER,-0.08013169880596116,-0.06557752003705332,0.021480244699462227,-0.07808459955769252
CENTER,-0.08011644824057776,-0.06741812875370086,0.022239326256939945,-0.07873835504124202
CENTER,-0.07918313222032408,-0.06736172791889333,0.0228113368966302,-0.07854532475427829
CENTER,-0.0798938203751873,-0.06560631354175511,0.022717102806116402,-0.07726150690782463
CENTER,-0.07979508136475251,-0.06586348067679038,0.0235811676840329,-0.07756914661720653
CENTER,-0.08046117753585962,-0.0652019250274143,0.021874578612648618,-0.07697051045315798
CENTER,-0.0813424372621734,-0.06501148042297379,0.022088611220977227,-0.0771772300347954
CENTER,-0.08221741847726241,-0.06356758942685903,0.021777586497052675,-0.07658372164240278
CENTER,-0.08240152178898381,-0.06352954493334768,0.02098393456615831,-0.07662496957695969
CENTER,-0.08220707583012002,-0.06340743802929463,0.021150501912078592,-0.07642992193091744
CENTER,-0.08206584896326748,-0.06339114883970788,0.022171532783829394,-0.07639671841216643
CENTER,-0.08206875902638401,-0.06396667723413971,0.022673032340865092,-0.07685594540796338
CENTER,-0.08225527831798658,-0.06420206896703616,0.023052602806502263,-0.0770104646543373
CENTER,-0.08251531446933126,-0.06445407126455278,0.024323509366157656,-0.07728398631391284
CENTER,-0.08228715498354078,-0.06447045180137088,0.024613088840755155,-0.07716741899392024
CENTER,-0.08185514638555604,-0.0642169047730845,0.025349557960563,-0.07742117055125591
CENTER,-0.08116261946518039,-0.06423587431371011,0.025504824779611683,-0.07737387207917328
CENTER,-0.07928616779978648,-0.06411798765033389,0.02555193799516766,-0.07744491633339935
CENTER,-0.07906523655295256,-0.06375959609931503,0.025603214205068045,-0.07692296041725159
CENTER,-0.07743812673509214,-0.06408931463687322,0.025670527099911425,-0.07696676245461369
CENTER,-0.07801446234721365,-0.06430212102639109,0.025697474547136865,-0.0771318149764208
CENTER,-0.0784701953475913,-0.06422639749199353,0.02606704201977863,-0.07750330779069907
CENTER,-0.0776248762242104,-0.06392707126757413,0.026397143551812552,-0.0775812347223205
CENTER,-0.07712049948953424,-0.06397540911049054,0.025457054418014734,-0.07764568663396998
CENTER,-0.07704589655408983,-0.06398944757603242,0.026351418849419442,-0.07773065388534427
CENTER,-0.07670986644882401,-0.06449672425818392,0.026422900315350245,-0.07804490954854817
CENTER,-0.07776120854540204,-0.06440680838272231,0.026641909638915752,-0.07811076462293726
CENTER,-0.07802780424457996,-0.06350279035717307,0.026667529684603924,-0.07710195363390177
CENTER,-0.07842942265557361,-0.06476472503540802,0.026494822502523677,-0.07860080179253326
CENTER,-0.0790966892709812,-0.06495271016724032,0.025515692595960173,-0.07872268606541567
CENTER,-0.07898662351260131,-0.06449187997726721,0.025391991131095477,-0.07754342354873224
CENTER,-0.07928230887110506,-0.06498896175954305,0.02479819380007222,-0.07763243445775406
CENTER,-0.07930748995936746,-0.06421072409986667,0.024994799351399904,-0.07724402820886933
CENTER,-0.07917629809660902,-0.06422244823977794,0.024066233447836063,-0.07733052539949752
CENTER,-0.0810968861280486,-0.06516262179387387,0.023929553611338715,-0.0777776782940902
CENTER,-0.08106985978136048,-0.0645487939582311,0.023579050796492765,-0.07719969875304986
CENTER,-0.08182504323357857,-0.06331880001172463,0.022533100071712806,-0.0766932687688654
CENTER,-0.08157530464180565,-0.06308923415855316,0.021963154765791183,-0.07593444696066337
CENTER,-0.0814827317294637,-0.06320337127605435,0.022781073630808196,-0.07615230736445566
CENTER,-0.0813883805152048,-0.06255287350354732,0.022963550040485965,-0.07543279734020306
CENTER,-0.08142476454431248,-0.06259985762294638,0.022621820732482627,-0.07524917331151734
CENTER,-0.08139755520666107,-0.06246941084632212,0.022276581395715547,-0.0749174149914693
CENTER,-0.08169543624053219,-0.06246098375360971,0.022183282043207193,-0.07467023130192432
CENTER,-0.08223215871945937,-0.06263129689566535,0.023431581196229533,-0.07507518549864856
CENTER,-0.08183341649091506,-0.06154386739007649,0.02353381425015689,-0.07467722994648744
CENTER,-0.08182336182336182,-0.06062261669954032,0.023408573788984557,-0.0746853926108093
CENTER,-0.08153067808090558,-0.06033364436062674,0.0245569411974414,-0.07467794681237616
CENTER,-0.0808241475645542,-0.060161866298846005,0.02455053829982551,-0.07443652566430903
CENTER,-0.07967667267748224,-0.06099336277366448,0.025389791451732775,-0.07522025142447168
CENTER,-0.07722023498666018,-0.0604677299408785,0.026956706180188757,-0.07502526470638596
CENTER,-0.07717236519090426,-0.060182211052642036,0.026339164504967948,-0.0749795342494421
CENTER,-0.07637082694461096,-0.06017980158920895,0.026710962228931184,-0.07479862287780757
CENTER,-0.07521306885363781,-0.06030447035299559,0.026641283406085868,-0.07463956658458507
CENTER,-0.07613221325458794,-0.061177753068972246,0.026914689561087436,-0.07454951397222966
CENTER,-0.07620301631038685,-0.061198811254733414,0.027007599798651843,-0.07449717674866473
CENTER,-0.07626587744520975,-0.06157015976509173,0.027599562553304667,-0.07445047297727043
CENTER,-0.07712710913744603,-0.06157420424537682,0.030595605200712965,-0.0741787772419595
CENTER,-0.07878821351022122,-0.06425966728775225,0.02949687810065778,-0.07610212091809605
CENTER,-0.07854292584838242,-0.06384995120122083,0.029328725073143196,-0.0753998131749369
CENTER,-0.07782711855758456,-0.06484646812915237,0.02952581592599658,-0.07691677417583874
CENTER,-0.0790947340946354,-0.06509761978190333,0.027990679436643975,-0.07671679583652168
CENTER,-0.0786533569811673,-0.0643183647989548,0.02785701769756465,-0.07562889743246143
CENTER,-0.0798885655346519,-0.0632837947511605,0.027627970435246386,-0.07533338743085348
CENTER,-0.0795462693353625,-0.06317777602896069,0.02806968295904862,-0.07494599020255394
CENTER,-0.07959161974231228,-0.061396355193820217,0.027740601356249606,-0.07397553354723639
CENTER,-0.08037169374461832,-0.06138536822544679,0.02766641724415842,-0.07382578101713469
CENTER,-0.08035179708817873,-0.061187684554453246,0.026699096020284422,-0.07361702127659626
CENTER,-0.08121634511495292,-0.06104011193011843,0.024032891576478567,-0.07333627853218773
CENTER,-0.08117798757424038,-0.061147672680648135,0.02411920757112377,-0.0733922354762385
CENTER,-0.08108795445196405,-0.06178391621374695,0.024108072952549978,-0.07403414759167322
CENTER,-0.08074601844700635,-0.061712961311657474,0.023903495785033767,-0.07431321727082771
CENTER,-0.08017755878537017,-0.06119101418429405,0.023645866634330763,-0.07406022290079677
CENTER,-0.08235982073112724,-0.061090552309301355,0.023825821195516985,-0.07404946446763376
CENTER,-0.08377559197695068,-0.0608385485674895,0.02338415513487379,-0.07377256366148235
CENTER,-0.08604251123997418,-0.06123168596704492,0.022778386169328688,-0.07396204233257958
CENTER,-0.08636228488430787,-0.060753985360538006,0.021488225399206553,-0.07352421360020157
CENTER,-0.08533719301413308,-0.061373875513645273,0.02069876526935583,-0.07446742628965587
CENTER,-0.08622865478634549,-0.062113579441300804,0.019733123285110732,-0.07455344132671271
CENTER,-0.08527981173071379,-0.062345997238872485,0.0194797032416094,-0.07441397506750967
CENTER,-0.0858371998869886,-0.06186514975431756,0.0177769018525823,-0.07330599621242607
CENTER,-0.08519142063563155,-0.06200368345063619,0.017677792145375713,-0.07340488672778175
CENTER,-0.08648779883201302,-0.062286032998199445,0.017222424232406695,-0.0737747164052466
CENTER,-0.08598272790541876,-0.06259638771314725,0.017502272789883762,-0.07354341717402657
CENTER,-0.08497628303174053,-0.06422521405166512,0.017727120505720825,-0.07442920989998805
CENTER,-0.08470578952213538,-0.06401432293379095,0.01717283284140397,-0.07440101543491354
CENTER,-0.0847429347267014,-0.06430874242986917,0.017407282279694146,-0.07464398739631982
CENTER,-0.08482605045935682,-0.06390539744905042,0.017334471352122998,-0.07415562085221848
CENTER,-0.08525800283704872,-0.0640180969575817,0.01665634512474567,-0.07423929545638079
CENTER,-0.08499582064426377,-0.06393077174872373,0.01723866243046307,-0.07442354064882502
CENTER,-0.08543067565581627,-0.06535263353763938,0.01807698032740403,-0.07545290588793284
CENTER,-0.08527564094575063,-0.06450035519512272,0.018934037899609547,-0.07392167117786391
CENTER,-0.0825518009447753,-0.06450576755432702,0.019736194082800203,-0.07356285459093553
CENTER,-0.08255602416438348,-0.06527176135838846,0.01949776768623149,-0.07408678389504297
CENTER,-0.08180348307022119,-0.06473070741022732,0.018937710443571877,-0.07350731742986323
CENTER,-0.08105992084887537,-0.06468796191356435,0.019804157105564737,-0.07335400084719701
CENTER,-0.07799084463797297,-0.0656325749896432,0.020463577725011024,-0.07424706525504009
CENTER,-0.07723284281836217,-0.06528163997979988,0.02104585958304972,-0.07200947874546369
CENTER,-0.07729194432430947,-0.06357573029476632,0.021527912992684486,-0.0706643765124748
CENTER,-0.0736885209862719,-0.043005109914963646,0.02575629281810537,-0.041951550503624487
CENTER,-0.03541491336448961,-0.012838424624419736,0.020273316021108465,0.010416876824772813
CENTER,-0.012836972202081859,0.0012926517524126952,0.017586174897075882,0.014594467052583915
CENTER,-0.01782518874657251,-0.002967208804417793,0.02474680275562609,0.001703811016085615
CENTER,-0.020715443429800577,-0.008339556076649851,0.026693783233226877,0.0017745537608183479
UP,-0.05541956154465359,-0.021729250137561495,0.02775263514235296,-0.012989187762779974
UP,-0.06873685792084869,-0.026663849207200954,0.02424361378465087,-0.01880420562338482
UP,-0.0801948647460104,-0.03192904607320356,0.02369868743759204,-0.027350253009549616
UP,-0.08238370261781311,-0.033372705034574054,0.02365071935746203,-0.032066442196072936
UP,-0.08469630483716442,-0.033079033081310015,0.024767973679102055,-0.03449465974160707
UP,-0.0808642606388727,-0.032530580393097155,0.024641267514585796,-0.036964577611799464
UP,-0.07974848937480353,-0.03374034039519365,0.02448102482514045,-0.039284734535939454
UP,-0.0790142241926388,-0.0316287571320205,0.0275763592052153,-0.03985643030141459
UP,-0.07446529229550736,-0.027465743926160708,0.0271743246197802,-0.03787508957594601
UP,-0.07309991143025225,-0.02920996082720522,0.027402978814117154,-0.03867401447254654
UP,-0.07043880597683874,-0.02923684975211072,0.02747606524335133,-0.039044059279507395
UP,-0.07074142065262266,-0.030185355163155875,0.02771778188156944,-0.040402685490413176
UP,-0.07088261088713424,-0.03090984257895178,0.027662761926854042,-0.04166784029779803
UP,-0.07139834949304946,-0.030698021906946663,0.028466368431005796,-0.04225972176020719
UP,-0.07065271560744836,-0.03025934833789505,0.028831293814159886,-0.04235168245682661
UP,-0.0708143919739647,-0.030791875118053258,0.02969507266316966,-0.04257143348525264
UP,-0.06925753036600686,-0.031534805180431426,0.028074572190214375,-0.04339564880901195
UP,-0.06952534603247743,-0.03171428721088562,0.02891320286349021,-0.043440924730414596
UP,-0.06869568861209088,-0.032359017682699706,0.027667407766135424,-0.04385566170643707
UP,-0.06881118358066116,-0.03241884573958776,0.026854530307648006,-0.04621258452040813
UP,-0.06835842110881948,-0.0337679740977394,0.02508547478356491,-0.049989281297238126
UP,-0.06563492294586444,-0.03484477554217128,0.022576752557045495,-0.051784972718668165
UP,-0.06625796212799001,-0.036362069492953744,0.019670678113306965,-0.05402843731948782
UP,-0.06805425366983044,-0.039033212220763835,0.02005923578707736,-0.05752813254452766
UP,-0.0713630079115145,-0.040229442767079515,0.019026431974571597,-0.057972578153632215
UP,-0.07190772031649062,-0.045555606372886755,0.0190987537398414,-0.06106085850129666
UP,-0.07333680427781589,-0.04636085482577992,0.01888729715356149,-0.06244730561341041
UP,-0.07640127800790839,-0.04679438900395433,0.018577690183640253,-0.06280923981290389
UP,-0.07793403860857838,-0.04715024767227592,0.01801599287444861,-0.06334691914834878
UP,-0.08025402025363987,-0.04795529665486713,0.01759097481316257,-0.0651988490146346
UP,-0.08255766937494717,-0.0535174436491176,0.017868803516095214,-0.06956032450810469
UP,-0.08395947180856249,-0.056373055172246736,0.01852230178445668,-0.07312711856894304
UP,-0.08465398959773922,-0.057200858036321627,0.018817677720466653,-0.07503537234332573
UP,-0.08760957075840503,-0.060425927863067275,0.016771335092290916,-0.07717357032394206
UP,-0.08847576901815486,-0.060203072855275125,0.016617819001162135,-0.07725164558342767
UP,-0.0888807358760009,-0.060470198220532394,0.015933851053131713,-0.07772910054928833
UP,-0.08768688646905005,-0.06093571302773774,0.014849769517508143,-0.07763043716468056
UP,-0.08767821131082885,-0.062248282916849335,0.012708944323918722,-0.07787508274096609
UP,-0.08712656204803991,-0.062179592063320195,0.01098986590791344,-0.07818558812688628
UP,-0.0881317773507775,-0.06193058212147782,0.010119084875187258,-0.0783485137521802
UP,-0.08912418770086251,-0.06097248894368029,0.00735757833430059,-0.07640949959255534
UP,-0.0917188733100752,-0.044661351349357406,0.013716793481846882,-0.05722839652101221
UP,-0.07691311900945046,-0.016662083274643,0.018123934235677815,-0.02299716446585826
UP,-0.07309581812321536,-0.004271076164276773,0.019207155563237998,-0.012358221481188206
UP,-0.06684276374596718,-0.0006807219104644295,0.023360462919916204,-0.006602895758682185
UP,-0.06041670428893961,0.0042088788562826395,0.02530862814823137,-0.004980680115919826
UP,-0.05621940995282681,-0.002541884980659073,0.026098964148040187,-0.006441009258337867
UP,-0.040257113593103216,-0.008642551963842253,0.020681892464069807,-0.005457624558180511
UP,-0.040754793082532825,-0.010883746038512785,0.020773849836483976,-0.004688173806571211
UP,-0.04288712447772697,-0.010801907165420347,0.02173734166253691,-0.005168098027669865
UP,-0.036084326506976926,-0.015567771873948753,0.01967216127832731,-0.005709607959293555
UP,-0.03914983346017895,-0.020171357055502662,0.019635992144147033,-0.008300689850143123
UP,-0.037396977420602766,-0.020637072367740556,0.016208039639642475,-0.004365582392717475
UP,-0.036426829125049826,-0.020664581122826233,0.02675272230467504,-0.008663632055666217
UP,-0.03401515270595204,-0.021119398292963085,0.01799340323930488,-0.007886432405320236
UP,-0.04180592903368166,-0.02458401185118383,0.01441429467957981,-0.007221113095614081
UP,-0.05427620181433262,-0.025107351776686212,0.016048195232399743,-0.006444473763730474
UP,-0.05025195589617463,-0.025279405354346193,0.01839456258594154,-0.009434944864500163
UP,-0.05072151507981403,-0.02478826208022673,0.010967186420534772,-0.008505699215825441
UP,-0.054395156334662506,-0.02525246747585114,0.021984320829201244,-0.008433742697338204
UP,-0.058461930689523746,-0.024797986294417207,0.019007271171942095,-0.009792486455660374
UP,-0.06007692355181816,-0.023933349384796507,0.019519505826276318,-0.010056178774611877
UP,-0.05820778570457074,-0.02136671756574665,0.019810996881761675,-0.010533419563275996
UP,-0.05881913153043208,-0.018382420093091798,0.020005298379222946,-0.011663413338385366
