Direction,Left_X,Left_Y,Right_X,Right_Y
CENTER,0.4538932635886567,0.48288280942473044,0.4975919591060809,0.4923805733786153
CENTER,0.44790052274383746,0.46271565859023484,0.49818119508410497,0.48077245988374223
CENTER,0.4388238787152191,0.45780591863132436,0.5018439135415946,0.4667883268164943
CENTER,0.4334732883309225,0.45916185786034047,0.5087236842688316,0.4614166586898276
CENTER,0.43947475081682424,0.4572557440881007,0.5101269404839809,0.4578656193251414
CENTER,0.44779103246552515,0.4553501497898056,0.509552543002507,0.4556087009422856
CENTER,0.4448736046756167,0.4493927911911211,0.5112966573581386,0.4462706970858444
CENTER,0.43744715543910023,0.444094331624347,0.5111194060543667,0.4379827626174498
CENTER,0.43757479047718156,0.4437249073636654,0.5073406773142543,0.440954827660031
CENTER,0.42669653345508357,0.4461052795099965,0.5054283927142956,0.44404418715371025
CENTER,0.4253263418389574,0.44588333867952806,0.5030320394514889,0.44431328695066635
CENTER,0.43609257914826555,0.4476516931582585,0.5017536281214219,0.4461554683124489
CENTER,0.43442865718337065,0.4474537823078502,0.5009021294320815,0.445947517876082
CENTER,0.42343072709857377,0.44825543817419883,0.4976697357749473,0.444573660832859
CENTER,0.42137131863986615,0.4449738194410632,0.502910313100211,0.43766185810644426
CENTER,0.4225422331593617,0.44445648419480893,0.5057142910098966,0.434485909377148
CENTER,0.42312110503638556,0.44261327275497725,0.5056655395590058,0.43512727800054346
CENTER,0.4228841804890385,0.444052080738286,0.5049371544359916,0.43976898843060414
CENTER,0.423708956939704,0.44050434558292884,0.5050449479940562,0.4375100850912768
CENTER,0.42403152102829467,0.44472441934659773,0.5069230485102196,0.43982200142097394
CENTER,0.4231259251821871,0.4493729303034124,0.5118321703302086,0.4429346036132282
CENTER,0.4224383259375834,0.4508507082983793,0.5133863278528444,0.44459061168857794
CENTER,0.4225446906916671,0.45589035483078033,0.5078892897417999,0.4468352176859004
CENTER,0.42682675750354515,0.4598122948251672,0.5048428354755878,0.4515648262346391
CENTER,0.4252799746926137,0.4595501945016513,0.5022015009373996,0.4534042352916211
CENTER,0.42252058169591206,0.4603906740912739,0.4995456926578664,0.4551633789333122
CENTER,0.4245714027231194,0.46016446890080853,0.5012371503853333,0.45604087991125697
CENTER,0.4255151498969686,0.4574165155204051,0.5002283630353723,0.45522536784500184
CENTER,0.4278183359160817,0.45805235664655564,0.5032337007054044,0.455319912720025
CENTER,0.4276176739780946,0.45923420611180127,0.5024286430574386,0.45628703667711773
CENTER,0.4297639318597692,0.4616956444775959,0.5000908566412878,0.4601002175233175
CENTER,0.4324333022977809,0.4649347269344125,0.4952597471922762,0.4643801980406597
CENTER,0.42695914049390205,0.4664153848621415,0.4919308441483816,0.46507983698468985
CENTER,0.4239194077388415,0.4662903826305159,0.49057519608110894,0.46498047116114605
CENTER,0.422989510841212,0.4673869975462357,0.4872451653420529,0.46677993750993413
CENTER,0.4262460104929317,0.46280342907123173,0.4919867374349044,0.4644933950612449
CENTER,0.42854029778435837,0.4617079390592043,0.48978989188251987,0.4643841302327529
CENTER,0.4276073189665721,0.4623177051946477,0.48643812369647144,0.4647623816341583
CENTER,0.4336572831610806,0.46197929018504613,0.48959960739311265,0.46455978706245515
CENTER,0.4354807687148917,0.46146815786750817,0.4918745090337785,0.4642017655921792
CENTER,0.4380641655272107,0.46111247981884185,0.4930914061156789,0.4641479670923926
CENTER,0.438129425453792,0.46095187919867786,0.4942326084295811,0.4642556735427817
CENTER,0.43489955006889125,0.4602419082122428,0.4928287462431679,0.46362991041824336
CENTER,0.43271348594628894,0.46118203880627917,0.4915590805066289,0.4643540676069066
CENTER,0.4339769951693483,0.4620769378973733,0.49027995796698437,0.4676266509045711
CENTER,0.43561102289878634,0.46209832704812964,0.49312755028682204,0.4677533498417761
CENTER,0.4353059655328348,0.4624140212334742,0.49469249124546755,0.46752876372362273
CENTER,0.43138295375130903,0.4626185474977692,0.4953521687029177,0.46830651605119994
CENTER,0.43415299058956797,0.46330836233508327,0.4951341188019162,0.4685231403224571
CENTER,0.43371454343378973,0.4631405603970042,0.49558382538765156,0.4684614613193587
CENTER,0.4350725932664341,0.463018083144748,0.4932021334770049,0.4678917548053143
CENTER,0.4340912068619147,0.46251768070995203,0.49517714059082,0.4666677949728746
CENTER,0.4342551893412373,0.46186015810400965,0.49648371600595653,0.46653587538810937
CENTER,0.43319461214414073,0.4622657374847482,0.49640696733213463,0.4666855675130855
CENTER,0.43328387383266015,0.46225191173799945,0.4960708798904229,0.4661769658574761
CENTER,0.4323650074000659,0.4612281009451437,0.4968696003687463,0.4656190406908776
CENTER,0.4311737581233877,0.46053167615641266,0.4950469624491679,0.46601842493824064
CENTER,0.4300932566947643,0.45894874733912,0.4947777225782764,0.46502446090850413
CENTER,0.4283911545173656,0.46033398221108596,0.49319351229043473,0.46487792836861647
CENTER,0.42943067935352525,0.4600192062704201,0.49404704711256947,0.463591644999268
CENTER,0.4293687777230995,0.4599663961863584,0.49429979383454753,0.46305659706866165
CENTER,0.4298535137644467,0.4618509378084906,0.49460105094588264,0.4638901591159052
CENTER,0.4302221918076578,0.46502447289399507,0.4939947851611101,0.4648187417954165
CENTER,0.4305563166518929,0.4649986644110048,0.4937808648270462,0.4649861220431662
CENTER,0.43138993440154805,0.46468675767944634,0.4935199332682427,0.46504112808460635
CENTER,0.4316292467469976,0.4644044226457032,0.493716885175563,0.46448547692602327
CENTER,0.43172045143036525,0.464246715577547,0.4933676839904499,0.46409604849049907
CENTER,0.4321733382911329,0.46458709996146125,0.49389646036148,0.4649246970018591
CENTER,0.43252872396968967,0.4643100090269282,0.49445943941865617,0.46449008826377564
CENTER,0.43247603697564985,0.4645788643940765,0.4949719366778854,0.4639707220257147
CENTER,0.4326390358150588,0.4642128892256455,0.4950213883973735,0.4639692917681869
CENTER,0.43310998316138544,0.46311523904253854,0.4957348135288085,0.4637560937862716
CENTER,0.4329997425298355,0.46246174779281857,0.49590699849641295,0.4626150984343508
CENTER,0.43225110668526545,0.4624631525195558,0.4954804128189058,0.46265971731311767
CENTER,0.4312895721573186,0.4622766601829542,0.49491785009508976,0.46259295007216444
CENTER,0.4309409802694658,0.46219676506340773,0.4945300651048976,0.46244208290976024
CENTER,0.4305758641114448,0.4616271952111799,0.4948637864578067,0.4616308697099595
CENTER,0.4299698238596079,0.46230445344762966,0.49388532150519143,0.46271633484415126
CENTER,0.4299096348572148,0.46305278248335613,0.492821808886157,0.4631908880616916
CENTER,0.43015121364076075,0.46285685258559284,0.49313058632432016,0.4628542918051685
CENTER,0.43011186342864427,0.46364044156207523,0.49304951626014754,0.46346295688965733
CENTER,0.42989775394461616,0.4637661751724594,0.492960618217813,0.4638530772364157
CENTER,0.42855667638891104,0.4637337054683714,0.49294576789245104,0.4637527023204266
CENTER,0.42882626131849133,0.46372799558702715,0.4931333657134261,0.46376004048635583
CENTER,0.42916492823554836,0.46368917624333245,0.49222840801397466,0.4640899291254581
CENTER,0.4293816641167476,0.46364484662191735,0.4920394003183174,0.46416622065213636
CENTER,0.427408481046426,0.4648789769458816,0.4919585944019004,0.4647996782748913
CENTER,0.4273110985820093,0.4666179704538966,0.49134764771118977,0.4657965440162632
CENTER,0.42585933709720936,0.4664654783903393,0.49049497039538476,0.46540637458929535
CENTER,0.42564196211335914,0.46617836329564927,0.49026008241739527,0.4661348777348787
CENTER,0.4254870739923759,0.4677726066387164,0.4899064256219036,0.46980334403352564
CENTER,0.42803859905280695,0.4688245933595363,0.49050742036202694,0.47136391537005906
CENTER,0.42736410543578307,0.46985860781710875,0.49043000440951146,0.4732534480006284
CENTER,0.4269413965212004,0.4695170445149465,0.48716717708965246,0.4722601607897408
CENTER,0.42848357735652165,0.46952687333545806,0.4873219558463439,0.4729463667143246
CENTER,0.42717422800108434,0.464722836548307,0.48883757380992304,0.4718136586351477
CENTER,0.4265745927710975,0.46439118572282634,0.48997750165646153,0.4709488324752576
CENTER,0.4254707796444138,0.46429038913999376,0.4903127699251303,0.47089685566059336
CENTER,0.4266403999793549,0.4643315657270439,0.49073629873289865,0.4708856347646887
CENTER,0.4265027206899262,0.46619488171440887,0.48999013612152253,0.47188801996441715
CENTER,0.4268525170919451,0.4656911470455343,0.48916079582417404,0.471436501278465
CENTER,0.42468374265097175,0.46543423859274413,0.48864057087799695,0.47020769791950495
CENTER,0.423914421457419,0.4652477388288848,0.48839381106829144,0.4700739055425381
CENTER,0.42386313782680435,0.46544722887368833,0.488319003653067,0.4710326124399521
CENTER,0.42352673617773273,0.4658440951839934,0.48813738252231775,0.4710147359772756
CENTER,0.4240629246311581,0.4658287175656609,0.48950070599019746,0.4710366958556503
CENTER,0.4239105399472603,0.46519972264624027,0.49080915846337947,0.4709917322182458
CENTER,0.4245933989137555,0.464930013072729,0.4912895829994946,0.47101512801351364
CENTER,0.42524648517322283,0.4631047315257837,0.4920629013665017,0.4697394991287281
CENTER,0.42620873839990714,0.46297366267647305,0.4923251111112476,0.4696429672100417
CENTER,0.42677705366026963,0.46046858264332996,0.4937592491974545,0.4658237597398571
CENTER,0.42539849944278213,0.46107630279309003,0.49330977839459544,0.46606104485584404
CENTER,0.424759761222509,0.4612902192806601,0.4930114452117235,0.4660359400273882
CENTER,0.42385958542603736,0.4616427282828785,0.49176686007565656,0.4663115131462458
CENTER,0.4222248225920132,0.4589410759593321,0.491234433667325,0.460399880937628
CENTER,0.4213431919353876,0.45848319462496023,0.49046008352604126,0.45944795377126113
CENTER,0.4215393927573414,0.4587287376902417,0.49003568023699645,0.46038970564786175
CENTER,0.4212587106317064,0.45916290131408816,0.4900307960982562,0.46105381443009963
CENTER,0.4210429662801887,0.459159800866069,0.49022448215984177,0.460515203834359
CENTER,0.4214661806942683,0.4593351667230744,0.4906165519679656,0.46034182963750875
UP,0.42638661227696645,0.4264294075616838,0.5240622242462127,0.43441475303049587
UP,0.43915029884820467,0.43032658799632045,0.5259139713322356,0.4406031073338292
UP,0.44099256433882666,0.4368931412797494,0.5208323717841317,0.4458752090965068
UP,0.4406366576166845,0.4343008500677584,0.5238906204935408,0.44259656034548017
UP,0.44182163061656227,0.44135817483095785,0.518437399258671,0.44836250816263273
UP,0.4360681551981151,0.43969885862643343,0.516257796257796,0.4451079862664235
UP,0.43863008505731005,0.44019173404476003,0.5139727326100271,0.4458671363774364
UP,0.4425473224419798,0.44313938448180434,0.5109053656037905,0.44936292045915854
UP,0.44283366904886756,0.4495474636918538,0.5139141777257409,0.4531102504426712
UP,0.44568927705292527,0.44929323887773204,0.5196787617133981,0.4532471977924651
UP,0.4446010746014481,0.4482141454187234,0.5188052821176886,0.45290468941225526
UP,0.44151699665865796,0.45032290039195305,0.5160354812863382,0.45637440761813053
UP,0.4469402573262462,0.4522080795570023,0.5172172573481364,0.4585661111844622
UP,0.44433653983690874,0.45063355227766905,0.5176628168739618,0.4573347269556366
UP,0.45306446857156224,0.4484654723736713,0.5184635177868859,0.45527149924460114
UP,0.4506443661389319,0.44770049549262414,0.518277150950263,0.4555220503409668
UP,0.4431541422520199,0.442992928433552,0.518051495201079,0.44974173700780556
UP,0.44348750649858104,0.4421913954929933,0.5182892409132198,0.4478189584051291
UP,0.4414545354522384,0.4439446970768541,0.5175813206356493,0.45063071700924756
UP,0.4437535135194713,0.4449554581925834,0.51850766392824,0.45080369313832136
UP,0.4429113889232713,0.44466693112629807,0.5195730675000384,0.4504251048045401
UP,0.44262406988363057,0.4449508230974738,0.5174856015027742,0.4522082925817244
UP,0.44340787320206343,0.4441913596203534,0.5189423995016573,0.44837807381472444
UP,0.4445166225344161,0.443743930522533,0.519095966034601,0.44846555331362864
UP,0.44525638060255424,0.4423494394344687,0.5194988550582935,0.4482396459180314
UP,0.4474407930729921,0.4415798148164876,0.5201978573971826,0.44759221418450185
UP,0.4478869509026009,0.44004306487441686,0.521832950967679,0.4470422952010444
UP,0.447948620524144,0.44013932784466125,0.5228686837600259,0.44693935533265255
UP,0.4476095523482342,0.4408407481387314,0.5228896091408173,0.4471264660010389
UP,0.4475088880264862,0.4393998809936575,0.5232543339227474,0.4456320089019984
UP,0.4471747568166635,0.43916082646154,0.5235838864714119,0.44524142846234177
UP,0.4476834218007371,0.4387625521981984,0.523476994303181,0.4449669290395948
UP,0.44777901896517347,0.4387238325220502,0.523460477985327,0.4448930934969527
UP,0.4477245498175114,0.4399994537127804,0.5234742300902631,0.44646283740565434
UP,0.44790537121501917,0.4394649951923949,0.5234592933947777,0.4458994528246965
UP,0.448181554528387,0.43871945122800954,0.5234412879806051,0.445200401368464
UP,0.44702829526874827,0.4393253758862662,0.5228526490119263,0.44585936461517955
UP,0.44535986430442526,0.4484344134954407,0.5189908449335355,0.45709854984602327
UP,0.4435751021602366,0.45299053303652187,0.5125226925450421,0.4576915814207717
UP,0.442512606352562,0.4466833009199483,0.5093918635645085,0.4503111252256005
UP,0.43994615034458573,0.4528884191197312,0.5073322630983628,0.4564908723531652
UP,0.4391326123319184,0.4516432797971265,0.5061717083047665,0.45751720150655556
UP,0.43879972250637833,0.45152604333812285,0.5058137352674229,0.4570979203157228
UP,0.4380256173743025,0.45211086471418344,0.5054557672492693,0.45723018220923295
UP,0.4387281132429361,0.4540750937878424,0.5061086244360296,0.4593507158724545
UP,0.4369482943090462,0.4548040592342638,0.5055583061323974,0.4588600395344687
UP,0.4350457776357789,0.4550236561249731,0.5055476191690949,0.45763026401949836
UP,0.4349399672710862,0.455150897537902,0.5052831691749811,0.4580839295571888
UP,0.4336852248071153,0.4545689766465321,0.5040313798853459,0.45772560334009954
UP,0.43293484422366507,0.455064337438209,0.5038245768925255,0.45842073366560016
UP,0.431424349966813,0.4544584389701596,0.5035483868913871,0.4576530755801256
UP,0.43041629093534317,0.45530653433663854,0.502946064264126,0.4586543526448488
UP,0.43012526788186145,0.4613619721095308,0.5006600506850755,0.46064055633000867
UP,0.429399378403622,0.46485113091829117,0.4992114823940145,0.46375214691504824
UP,0.42385883625165954,0.464367007790958,0.4982794870621495,0.4647991064372336
UP,0.42501347114725135,0.46465141662581283,0.4980118885153084,0.4652502348294898
UP,0.4253262483766667,0.4646704291624261,0.49796001087655367,0.46555764532083155
UP,0.4246707787578841,0.46254771977570996,0.4983073287732527,0.4640733126791562
UP,0.42403099985535053,0.46217040202227416,0.4985843196316465,0.4636020195879499
UP,0.4236843105629864,0.4611837174411616,0.4984359164343184,0.4626772383881033
UP,0.42429121655654045,0.46086347311246567,0.49846077394851646,0.4623898870646699
UP,0.4243964030256731,0.46024782632297295,0.49823081630000243,0.46174192663406294
UP,0.4242310586297231,0.46089258638893027,0.4976020491579923,0.4618676350172675
UP,0.4261330457266151,0.4600453979877009,0.49855079256401624,0.4601099396376152
UP,0.4280502441935225,0.45953112398658685,0.4990668220697715,0.4582826137114034
UP,0.42787766130549953,0.45925898412108734,0.4989120853131515,0.4575806134956309
UP,0.4283132861397702,0.4590263264822636,0.49889888548269984,0.45760523868895464
UP,0.42848598125765064,0.45878747783746643,0.4987924388032872,0.45605395409894933
UP,0.42852012386422195,0.4588146440459549,0.4979950537714519,0.4564654990948507
UP,0.4284477828425121,0.45809940399889043,0.49776503661401467,0.4558642467292783
UP,0.4281768862486602,0.45698805797162906,0.4982632504810989,0.45554599446803967
UP,0.4283867355681121,0.4574283470853711,0.4981518305423168,0.45600711556199863
UP,0.4277639664085831,0.4574006423096695,0.4980796258243263,0.4562306503589088
UP,0.42841349163979847,0.4556051705759068,0.498832644549859,0.4564093426464154
UP,0.42841656462735017,0.4537016260587602,0.49908293823308136,0.45496761575644457
UP,0.4293492028279068,0.454409719759255,0.49899522579170913,0.45552310809250984
UP,0.4302416987773889,0.45755950063726925,0.4992599781173606,0.45678296553490094
UP,0.43027231267711497,0.45719883540787337,0.49795617591965774,0.45686767513662957
UP,0.43206355985343836,0.458903107665861,0.4978848303901995,0.45960930489038393
UP,0.4334161902845239,0.45843095159062386,0.49689855427498497,0.4594368140982268
UP,0.4348054736589699,0.4584298797824434,0.49719706802843594,0.45920199131054945
UP,0.43606225440802554,0.4586807772769657,0.4964828485683375,0.4593013499811112
UP,0.43724857539730233,0.45946597696146146,0.4961686642752708,0.46000842100803074
UP,0.43714978997315046,0.45965851311529815,0.4951738919346268,0.46006389691756244
UP,0.4377668941794547,0.4597608096656762,0.4954178741176155,0.459739109215524
UP,0.43864287563263793,0.46206296373436373,0.49354430371723107,0.46055294056862656
UP,0.438841337657213,0.4618927899902666,0.4934984904517747,0.4605437328444091
UP,0.4392846306661782,0.4618849242126924,0.49380598495175215,0.4603928663189708
UP,0.4409139544853091,0.46179361651640594,0.4918276907551472,0.46044940726010286
UP,0.439985582715736,0.46085675598480924,0.49120485144602827,0.4602678246364244
UP,0.43963558687223725,0.4602019065429443,0.4920635704218174,0.45972476117661687
UP,0.4404059709859764,0.45996640485715556,0.49200666095763634,0.4593920010158448
UP,0.4411597384688209,0.46077479639564645,0.4909060182641692,0.4595647241989936
UP,0.4408314960629924,0.4606885324925219,0.491040223913773,0.45936206901104637
UP,0.4410579820564626,0.4609191283981901,0.4911432308938325,0.45966457787037845
UP,0.44287853736523486,0.46157493658362114,0.49109449955872025,0.4607718761941149
UP,0.4428312958301564,0.46214312861901724,0.4912457537732294,0.46084920884804526
UP,0.44295478680875366,0.46200176449164315,0.4914947457632483,0.46044443273921903
UP,0.44233246881341715,0.46219756025149,0.4915408592601584,0.4605873928518781
UP,0.44214108585474043,0.4636596222102218,0.49211919784398755,0.46173739869994246
UP,0.44208691162973646,0.46371928003449625,0.49242801414671883,0.4621134437269753
UP,0.4419033889234735,0.4629871210661713,0.49398047657270827,0.46117174234180147
UP,0.4406559723055111,0.46454300615092303,0.49421701395135703,0.46163150880095644
UP,0.4403832922092171,0.4642735958801165,0.4943131483313268,0.4602906259403174
UP,0.4399380282533471,0.4642721667798726,0.49493272807515337,0.4604385711661116
UP,0.4401545394955816,0.46390394486052583,0.4950389139404213,0.4603516549819985
UP,0.43960838438160715,0.4632591373409624,0.4960103118945081,0.4594026788423481
UP,0.4391072673064695,0.4630257205449541,0.49596381455146477,0.4593120165345026
UP,0.4382589749009278,0.4629006341169006,0.4961271860175344,0.4583418475416771
UP,0.43828946617340464,0.4624331948034954,0.49620134033384533,0.45876312063438374
UP,0.4376185937644249,0.46481520259658676,0.4966677418180773,0.4599932813865543
UP,0.4373627418099949,0.4639172878297488,0.49659978689839296,0.45909466014003997
UP,0.43704337066121857,0.46284581965833643,0.497041070787303,0.45907295523768826
UP,0.43629780262771817,0.4618977594358264,0.49705922337335123,0.45892528978896524
UP,0.43650092261201057,0.46183977527853026,0.4973962374996159,0.45903920102893014
UP,0.43847131499638675,0.46254261094627813,0.49692070480990536,0.45936805937725284
UP,0.4388281834880398,0.46190066737137814,0.49720283140735116,0.45869302323745353
UP,0.43877651890628344,0.4628335179844993,0.4966976820346555,0.45864465053512454
UP,0.4390662311116208,0.46254106105697423,0.4965717816735522,0.4583659685492084
UP,0.43714873528319637,0.46119925695169744,0.49507419217153353,0.45785545799509403
DOWN,0.4385099990879606,0.4452793643051194,0.50414836021073,0.4453923835921298
DOWN,0.44059426372331784,0.4472203946638922,0.5048013673731804,0.4510158461493554
DOWN,0.4411385280318157,0.44115331680976827,0.5071052463952197,0.44560896490710705
DOWN,0.44292731330132873,0.4419424426858062,0.5091300644862693,0.44520103211606155
DOWN,0.44404209546906687,0.4426084321834907,0.5095814766052253,0.4468351016674147
DOWN,0.44496304586332597,0.44395007324511954,0.50937393989544,0.4462359101221159
DOWN,0.44395846027864116,0.4440644958643063,0.5102283640782778,0.4462606310745036
DOWN,0.44358146051950675,0.44501723434236795,0.5116215726709737,0.44751891899865703
DOWN,0.443352746066029,0.44614767874853695,0.5127758881042085,0.4482468868371561
DOWN,0.44144405961507,0.4478497049482006,0.5119893873251474,0.45005333734153846
DOWN,0.441331747526306,0.44699638659718516,0.5121814417059999,0.44922972185252386
DOWN,0.44150071478668934,0.4473559240595503,0.5118909668371665,0.44873937058370617
DOWN,0.44140087115357646,0.447257780283814,0.5116871232210691,0.4491081412453517
DOWN,0.4414023376886351,0.4488147657648277,0.5118212306145437,0.452564093291305
DOWN,0.44244996282568916,0.44782443724796334,0.5126919273110516,0.4516113351603325
DOWN,0.4424848386188929,0.44253588955512685,0.5165973739703252,0.44790911459138266
DOWN,0.4439815374038757,0.4478936477626667,0.51665971985882,0.4534475385906605
DOWN,0.4428729607316567,0.45148186660380335,0.5135534864187286,0.4596948053735805
DOWN,0.4452368218075953,0.4511278967740421,0.5141705336315125,0.46186807643297245
DOWN,0.44679188590514946,0.44661096497859853,0.5160708708770722,0.4576919880319138
DOWN,0.4483447955657983,0.4404823459168577,0.5148614687662878,0.45388357224817344
DOWN,0.4500676309861867,0.43408302524428827,0.5177671076962254,0.44810411090260294
DOWN,0.4501457829309181,0.433465063353426,0.5223973229051149,0.447030472231384
DOWN,0.44643110693042964,0.44925889855992657,0.5250402135006792,0.4607906618146876
DOWN,0.443556992931374,0.4517685490856629,0.5263075175897769,0.46351810023808016
DOWN,0.4445652742122019,0.44473849059573406,0.5285951400832978,0.46218560359095184
DOWN,0.47982705104412826,0.4449579295400826,0.5134862218950923,0.3137652814892271
DOWN,0.5158964834279802,0.3316764303817826,0.5083325259310689,0.16949792947566553
DOWN,0.5176410586702218,0.24136467247113197,0.5128509416623738,-0.054910950916991066
DOWN,0.5120866102568589,0.24568731350031783,0.5086236311871082,0.09219947115058227
DOWN,0.5060355208607925,0.38751422160612364,0.5075978998194579,0.39889772245013544
DOWN,0.49806881106637396,0.4102401390667439,0.5134123445280622,0.4345125295613249
DOWN,0.4919218566423274,0.41816416050242133,0.5189667366665258,0.44016149228329565
DOWN,0.4826698026878026,0.4224440044499228,0.5188747215211226,0.4432197256875035
DOWN,0.47642867821498847,0.42159176210181887,0.5251995836934169,0.4396509750341588
DOWN,0.47117908988341456,0.4214630304976421,0.5272779817737956,0.43897066715100835
DOWN,0.46670411304483594,0.4279468231964099,0.5284269576289022,0.4464761479034873
DOWN,0.4635239605586398,0.4394396929390676,0.5299872165499722,0.45872296798367757
DOWN,0.45872176866963255,0.44401676522937217,0.5341611157426902,0.4663426896354674
DOWN,0.4567547245701662,0.4490416471036348,0.5378396994670332,0.4700937831096057
DOWN,0.4537818147101738,0.4547708049396121,0.5390336528323791,0.4738327683172966
DOWN,0.4541786523945937,0.45409433601550697,0.5385887772048754,0.4740089663545585
DOWN,0.45524344093668195,0.4517081864172934,0.5381622481449573,0.4696871389033368
DOWN,0.45401951691992853,0.45382645059108884,0.537370506838686,0.47333539370213934
DOWN,0.45300389120205053,0.451360839123114,0.5364934878582583,0.4725942227892082
DOWN,0.45239195014830896,0.4492238937470965,0.5364803301663582,0.47072979739940574
DOWN,0.45148673542510015,0.45464366336575834,0.5363095898420188,0.472077387654825
DOWN,0.4508102610787001,0.4656907719271515,0.534906684809248,0.485816093742962
DOWN,0.4502050938175843,0.4601463886414325,0.535890159875228,0.48111702074300783
DOWN,0.45004215950257126,0.45519887939382114,0.5403675704131929,0.4724232046657245
DOWN,0.45216501937206305,0.4721097073434013,0.5402943596024941,0.4884077414658598
DOWN,0.45539764588273357,0.46943397342631227,0.5401777355465482,0.4887295496645459
DOWN,0.48536143044350455,0.47681162533890686,0.5220946062224812,0.533300076619061
DOWN,0.5213680989915566,0.4205669234191007,0.5084197269462342,0.3574628466127072
DOWN,0.5421346642043201,0.38363074283876536,0.5047579983023757,0.33394503298450295
DOWN,0.5343832676437257,0.42504914485278067,0.5047473260913435,0.44665114696798647
DOWN,0.4950168463425628,0.47523801649226055,0.504329120996963,0.49872760220917933
DOWN,0.4617208416606961,0.47722937491383716,0.5116867975071804,0.49079187338895064
DOWN,0.44548098228193933,0.4958172225040016,0.5096611047370208,0.5027390430672132
DOWN,0.437406003365561,0.48295132169292787,0.5110688467282698,0.48544712943126217
DOWN,0.4404903613331144,0.49066229048540827,0.5157737424337296,0.49134940370464225
DOWN,0.44007883388838137,0.49229230476615105,0.5121769410740522,0.4944080672953673
DOWN,0.4371340690486543,0.4924613296973584,0.5104062859867446,0.49546960469419266
DOWN,0.4363762741505213,0.48985296230036895,0.5100867598816067,0.4929356263181353
DOWN,0.4351380250021388,0.4921278304998412,0.5107754626325719,0.4958282439161884
DOWN,0.43206774515121305,0.4874900935950589,0.5127712570184166,0.4899159933145459
DOWN,0.4295289792368016,0.4900222762120012,0.5131973117228901,0.49089341295123057
DOWN,0.42727931236117944,0.49118198080300535,0.5133181927492909,0.4910820672111559
DOWN,0.428034280813599,0.49170215919437105,0.5153885093081798,0.4926820547455393
DOWN,0.42795429396271223,0.49346599187054013,0.5162236200527991,0.4941698325022836
DOWN,0.4286830861724644,0.49363772430788133,0.5180183454852568,0.4939118599722832
DOWN,0.4284053255499602,0.49267478790303304,0.5183766581392739,0.49219891297143115
DOWN,0.42761849717033457,0.49200691100533633,0.5190398834556497,0.4903057633744363
DOWN,0.42712039335962165,0.4893224951704706,0.5189452246420534,0.4873812225393509
DOWN,0.4312453784444981,0.48986330048457893,0.5149343996327786,0.48933923541781876
DOWN,0.4315691442920937,0.48961088948400205,0.5123788322967749,0.48420492317935143
DOWN,0.43325794615006424,0.4901621336614075,0.5114066313519905,0.4896415746742431
DOWN,0.43439731868671805,0.48989384840123296,0.5110619724585189,0.49120418915945013
DOWN,0.43802327373260136,0.4893859883951587,0.5107883104294563,0.492458503883713
DOWN,0.4399697210621394,0.49021800121871084,0.5109860135404115,0.49283432693252494
DOWN,0.4403741704164007,0.49107778024117815,0.5149173663230546,0.4933224911044685
DOWN,0.43614971196470576,0.4899872668593989,0.5151524400790332,0.4924058062622757
DOWN,0.4390329711409255,0.49001712810287085,0.5172787711016797,0.4930423735627569
DOWN,0.44482786703525967,0.4897444412841025,0.5187641863076794,0.4939646480433322
DOWN,0.4433570030819303,0.4897755200804674,0.5190532294652435,0.49272676942474997
DOWN,0.4421877901028824,0.48968915905002136,0.5194017914915635,0.49228134529191064
DOWN,0.4422206411456921,0.4885652757404581,0.5184388376595919,0.4905628116086308
DOWN,0.4423581295571022,0.49104350980307887,0.5174136741377509,0.49103920436136134
DOWN,0.44241507650145756,0.49580792299351667,0.5176128298884878,0.4936006074694524
DOWN,0.44283167648755123,0.4994308172044648,0.5171703962678849,0.4988047486676232
DOWN,0.44697528660399094,0.5003815241241582,0.5216458009233572,0.5061506340297677
DOWN,0.45846001747473863,0.4798685590976423,0.5218495150541764,0.49558611373413014
DOWN,0.4588255713222931,0.48813479904633833,0.5285210140661187,0.5042164363433697
DOWN,0.4593102578516283,0.44665435526488273,0.5278240886254588,0.46602413427397366
DOWN,0.46621797149849364,0.4747498887092617,0.51842321999599,0.49439540022824585
DOWN,0.4701349725236996,0.44507929143679376,0.5221323330668762,0.4637767620404436
DOWN,0.47028430168246405,0.45272598082285864,0.5221876343946358,0.46764011283540896
DOWN,0.4552073526385568,0.4641186778211295,0.5147688606141984,0.4731454218265193
DOWN,0.4554829548873085,0.4596735409347307,0.5156058090003119,0.46312918708276724
DOWN,0.4569288277243037,0.46126745959754617,0.506513081392289,0.4701804084309941
DOWN,0.44989083275223773,0.4611176147420193,0.5058430800391361,0.47331564475624116
DOWN,0.43342776367830027,0.46941115421071733,0.5067414509190509,0.4756904037916199
DOWN,0.41819264762125,0.46175510504614176,0.5070047595780208,0.4699588099322943
DOWN,0.4191821505358348,0.46531555413286335,0.49675388730474085,0.47024130566943667
DOWN,0.4239485449294682,0.4595990134963779,0.49526202192409385,0.4673648257255136
DOWN,0.4186643694851585,0.4542976098766793,0.5003232622630948,0.4574818079263348
DOWN,0.4281672611137667,0.4560678055055191,0.49672009777652204,0.4605354478921964
DOWN,0.44155468002468684,0.44482585600906244,0.4940596106312515,0.4579404918331282
DOWN,0.43915387045029214,0.4528741919679598,0.5010132840517485,0.46153483216663055
DOWN,0.44943009921690896,0.45270077041380435,0.5086052323236812,0.45782133370276806
DOWN,0.44694095609252005,0.4636088504252047,0.506207162853557,0.4669955858063994
DOWN,0.44262775791765785,0.4571927438605434,0.5046659436571748,0.4601203371722547
DOWN,0.4401053780826038,0.4564092174154111,0.5071166965888692,0.45940065134172586
DOWN,0.43854988999825134,0.4538281038549261,0.505351481415157,0.45745230230945766
DOWN,0.43389582723646336,0.45075988249981996,0.508842073842472,0.45157357934836895
DOWN,0.43814202639067834,0.4451581949386396,0.5083819681580918,0.44808372362066656
DOWN,0.43739763643578394,0.4478418796905397,0.508254248734393,0.45112128101984106
DOWN,0.4366622744131322,0.45014041747568295,0.509011743977488,0.4532865907099045
DOWN,0.43855530265240034,0.44739278516336667,0.5075724351128164,0.45088056606016746
DOWN,0.43692226268800904,0.4516219466737741,0.5066662361335086,0.4552545537792462
LEFT,0.5202983452547442,0.432562320187272,0.5350145787582393,0.4217526698540064
LEFT,0.5402884342936631,0.4275391506898399,0.542912221930902,0.42163524732594393
LEFT,0.5626740378904955,0.41933866628658917,0.5534355440254545,0.41779526406770556
LEFT,0.5928183258194224,0.41644598315875353,0.5686434242610887,0.4156792970097502
LEFT,0.6030558813523439,0.4117019516895019,0.575373622446812,0.4169103024701475
LEFT,0.5937944290562717,0.412388694409864,0.5748345893579787,0.41972586377156157
LEFT,0.6008126224629642,0.4116773088770507,0.5803204266631208,0.4197859671945879
LEFT,0.5833528962420582,0.414994778722421,0.5783680064353283,0.42339983930457475
LEFT,0.5647269948325931,0.41772703526626653,0.5743374630072234,0.4240741500465929
LEFT,0.5495706526265143,0.42069321475364274,0.5690169998142243,0.4251165499460062
LEFT,0.537899979808277,0.4247955411251107,0.5597283255112062,0.4258725138204427
LEFT,0.5385067226333501,0.4261930354143594,0.5557022516291955,0.42652022187121186
LEFT,0.554292949917592,0.42310767884401607,0.556558143795349,0.42737855798635727
LEFT,0.5337041909459757,0.4237037732024065,0.5451749775678756,0.4282651848312425
LEFT,0.5448127252219955,0.4232366492444522,0.5506567988046063,0.4237615103051659
LEFT,0.5466415180983737,0.4236703679126544,0.5575765228739724,0.4203996574618163
LEFT,0.5449489786099856,0.4234338708217842,0.5562937104932036,0.4185516829682704
LEFT,0.5392075242608485,0.4239373485490039,0.554316794849622,0.41757937312509635
LEFT,0.5354947349135022,0.42392364074796257,0.5539470336549203,0.420184367226288
LEFT,0.5315905760614592,0.42554463575049284,0.5512083735678446,0.41913166658601175
LEFT,0.5305708078166762,0.42510370313238915,0.5492946345405195,0.41893304071790616
LEFT,0.5229464389450448,0.42692849143869277,0.5348094133993809,0.4211071124952097
LEFT,0.5212537227142658,0.42497233307622656,0.5342028090209278,0.42004450036692975
LEFT,0.5256250974078172,0.4202763005897158,0.5391593331263359,0.41716309905729076
LEFT,0.5328221813482111,0.40739938282664184,0.5400297863657235,0.41324044684447064
LEFT,0.5381188685304654,0.4084493113395565,0.5433306923788852,0.4136640107004656
LEFT,0.5408474385864415,0.4093153204367242,0.5437286996898106,0.4144944013325759
LEFT,0.5492497679566781,0.40927471143546673,0.54847553820071,0.4136565882024699
LEFT,0.5507172001121718,0.4097576978800652,0.5501404734341093,0.4147526149953738
LEFT,0.5619767289229496,0.4100099246193614,0.5561391613618574,0.41448793964260894
LEFT,0.5626193992743691,0.4093145986759909,0.5592643947097825,0.41370579830322707
LEFT,0.5703967243540491,0.40778238521590265,0.5657883376056096,0.4132424922768504
LEFT,0.573271814200932,0.40760060580917074,0.571894866390347,0.411585612404555
LEFT,0.5752615455612122,0.4088253313608583,0.5735011691138984,0.41133890043210064
LEFT,0.576183098920583,0.4121141261320235,0.5745861817934851,0.4131883334878709
LEFT,0.5691795064419829,0.4105851186748346,0.5729483675227965,0.41217926445039954
LEFT,0.5640312547938697,0.41425384108310936,0.5711014264530638,0.41494093130573656
LEFT,0.5632573238262624,0.4141392853397556,0.5711515669543897,0.4138923847016273
LEFT,0.5504530808506415,0.41535776083488857,0.5681427815251876,0.4141249312504017
LEFT,0.5573824080302235,0.41179799377143567,0.5689979107653987,0.4113010252970481
LEFT,0.5607665900911344,0.4126050078310938,0.5691480474096918,0.41171209648535145
LEFT,0.5430329366451044,0.41730006923421464,0.5664113255800304,0.4129486886566686
LEFT,0.541865570866069,0.42362485681751433,0.5654392004128002,0.4136594472591074
LEFT,0.5435522182917926,0.42045749119040743,0.5684017248182172,0.41246863192441363
LEFT,0.536671242342457,0.42286473294604787,0.5639706826193238,0.41364221441272025
LEFT,0.5363757726752152,0.4236565876522048,0.5638665259021727,0.4130534552382784
LEFT,0.5365196543777949,0.4240905528538137,0.5636588973959392,0.4133133760917229
LEFT,0.5375181185035778,0.4245331231141449,0.5657239729324155,0.4126817279232689
LEFT,0.5403028008238919,0.42474384467618803,0.5655828888946991,0.41299649126999893
LEFT,0.5465640994428408,0.42411399292951824,0.5677725572854063,0.41251300106399624
LEFT,0.5517451423294361,0.42388983240072386,0.5720232291317323,0.41139275495491456
LEFT,0.5375303704952503,0.4247434840209809,0.5688363519309377,0.4116325771884441
LEFT,0.5375509625204459,0.4237433970667877,0.5637095165774577,0.41450235527420576
LEFT,0.5341218661903108,0.42357412798461685,0.5565419378481903,0.4157351080505278
LEFT,0.5350805693302053,0.4144996908060763,0.5565470339096593,0.4114870279029191
LEFT,0.5382539928478902,0.41155171021825065,0.5597956858687915,0.40973994934965124
LEFT,0.536963574350367,0.41300833259000386,0.5601479757664928,0.4089153398380549
LEFT,0.5366391602658876,0.41234185683364716,0.5601385852074056,0.4088963488904062
LEFT,0.5410069255330314,0.41003226362331857,0.5632523488537369,0.40618858226399
LEFT,0.5392820494884583,0.4149587746266462,0.5621183313465702,0.4067322864003091
LEFT,0.5336721189591083,0.41491614289845535,0.5617986691231885,0.4065994325347731
LEFT,0.5276048243428646,0.41732516280178444,0.555419824512713,0.4081306482580282
LEFT,0.5288415082906712,0.41887630229579126,0.5581176278962448,0.4082324048109418
LEFT,0.5280274971959112,0.41950792266065284,0.5567246631952576,0.4097625063467753
LEFT,0.5278704917182419,0.4165216162609959,0.5569344964930794,0.40782693551018545
LEFT,0.5280531000573555,0.41660232402476705,0.5569744928746496,0.4070614441276696
LEFT,0.5293198695945014,0.41490365744092533,0.5562246997573462,0.4054547515586624
LEFT,0.5299151361811099,0.4131830156570292,0.5558187188058059,0.40477983090748043
LEFT,0.5314290637736758,0.41287861259609315,0.5578306752610366,0.40403105882921764
LEFT,0.5310861684327947,0.41472973653720085,0.5550129152743694,0.4092084259949378
LEFT,0.531607128307926,0.41411046138363033,0.5556052465708192,0.4077265630730226
LEFT,0.5315814746762768,0.4151375505249776,0.5544179914629012,0.41073267708650035
LEFT,0.5328787098827253,0.41777464735371184,0.5540756292893072,0.41236098969843316
LEFT,0.530253988538568,0.42187054908314464,0.5530314953870104,0.4132889231267036
LEFT,0.5349268450075899,0.41813614287762835,0.5583858659884307,0.4103362431874834
LEFT,0.5363203943130237,0.4206080467307669,0.5593774508132441,0.40925903197899743
LEFT,0.5358026165917369,0.41429360563895623,0.5586037209883278,0.40688411839205424
LEFT,0.5371249564047635,0.41957487711481434,0.5581983259533952,0.4103806954436451
LEFT,0.5413256959885268,0.4183196464599287,0.5590326677570324,0.40903517379297777
LEFT,0.5450454816186899,0.4161002855439449,0.5595381415134182,0.4082208192894081
LEFT,0.5446645032064901,0.4126539090958011,0.5593197338842835,0.40606005071323104
LEFT,0.5359401025589333,0.4127580661669435,0.5554331567089512,0.4051289304296271
LEFT,0.5397195317020905,0.4125251369530546,0.5585532440465808,0.40496304722011633
LEFT,0.5403519572877408,0.4123324564156915,0.558010498265359,0.4050989316854001
LEFT,0.5373705094808263,0.4118139175849197,0.5564697645102681,0.40502276900033707
LEFT,0.5359269399471374,0.41218550402666054,0.5551751236926512,0.4059746036344318
LEFT,0.5402288298763287,0.4140150179427078,0.5559238890392805,0.40834604708883754
LEFT,0.5332667423382522,0.4152118528351339,0.5519013291875962,0.4128486000196054
LEFT,0.5347664075949622,0.41788752416007635,0.5520059707317354,0.4129171788162381
LEFT,0.5358203846599112,0.4192352375403772,0.5519686906851943,0.4130424614066086
LEFT,0.5373383195482981,0.4206893474623523,0.5520995533774494,0.41394446414157743
LEFT,0.5377831858101167,0.4185591096457911,0.5523276411213033,0.41275807289464467
LEFT,0.5381340978990768,0.4184240187487556,0.5514653560187928,0.41247725035960275
LEFT,0.5423121062296399,0.41849265166841054,0.5558269317476121,0.41028768346699734
LEFT,0.5417477090103383,0.4177862409028935,0.5560896622783207,0.4088902146173611
LEFT,0.5333214292403646,0.4180125718780508,0.5538063658786406,0.4091839806380521
LEFT,0.5336229325636214,0.4184908359349325,0.5539008343019287,0.4092986511132373
LEFT,0.5246582345872812,0.4199150395572716,0.5469355486005448,0.4094510557430532
LEFT,0.5253367219173892,0.4181770324771811,0.5466734899136205,0.41039185899279335
LEFT,0.524995630047914,0.41845768123189425,0.5475593852117315,0.4104171182236351
LEFT,0.5226324879443859,0.4180609087732171,0.5479469323452628,0.41004780362536
LEFT,0.5200053154503451,0.4181670132025039,0.5476663115039402,0.4095315813766862
LEFT,0.5217838320314955,0.4158225605309951,0.5500403107359624,0.40789327152473664
LEFT,0.5213115159518894,0.41518603590815506,0.5502339104659439,0.40780249150622766
LEFT,0.5209288363736062,0.4150374565421328,0.5497385171916651,0.40809347202371715
LEFT,0.517069774214143,0.4168273803779925,0.5487239767110467,0.4087884572402003
LEFT,0.5167508391788488,0.418180373844686,0.5471607108098515,0.409182029495421
LEFT,0.5200476633848228,0.416078980625941,0.5492100420948405,0.40884854966075174
LEFT,0.51806150839345,0.41560031190363883,0.548525444652736,0.4071140429688689
LEFT,0.5177261274488462,0.41918460473581987,0.546605543173176,0.4077963767700153
LEFT,0.5169316158903529,0.41960254388335505,0.5487116154825341,0.4056328048352122
LEFT,0.5187120670827465,0.4200478208667282,0.5499886269185816,0.40593383195855526
LEFT,0.5238914281406967,0.41859550811044965,0.5529083110134372,0.4052451415098634
LEFT,0.525933038826159,0.41943179880863823,0.5522752774859381,0.409926356218143
LEFT,0.5335001614765835,0.41850128833901945,0.5528054932715416,0.4107817460198953
LEFT,0.5365395090296607,0.418310664770167,0.5543416194210122,0.41102838494798705
LEFT,0.5348680118536688,0.4188697392617767,0.554405613758788,0.4107704703937132
LEFT,0.5362498138311078,0.4197504341564645,0.5567387319272167,0.41165230911648154
LEFT,0.5405155727280527,0.419295013364476,0.5596506158695828,0.41047389032570913
LEFT,0.5400713458604892,0.4218539453473363,0.5596723871731007,0.4112879727890737
RIGHT,0.5128718220702071,0.37957166331327585,0.5510546904289211,0.3977970442575002
RIGHT,0.5344604096877122,0.4016923848192207,0.5568802774598678,0.42085973619364136
RIGHT,0.5405528530238922,0.42240035072532084,0.5586017954093574,0.4425557998970492
RIGHT,0.5463267011327464,0.4290617208378746,0.5523854623740514,0.45067806448208403
RIGHT,0.5326645740142312,0.43161718274126,0.5579469137166051,0.4495546290495633
RIGHT,0.5437769055771356,0.4322063849107206,0.5602576943001738,0.4527877300791131
RIGHT,0.5453195543128261,0.42785653867577983,0.5615113543999342,0.4515963747356516
RIGHT,0.5431463602074466,0.4169474449679572,0.5664287484082502,0.44934799302420847
RIGHT,0.5424244911877439,0.419807347593927,0.5535305191112411,0.4511174241072391
RIGHT,0.5356791923081636,0.41675388268919644,0.5525819795265785,0.4496727609465524
RIGHT,0.550998184952808,0.41529699802359976,0.5574456107461373,0.4482014401340444
RIGHT,0.548074393898182,0.4089137914384119,0.5568397427308053,0.4468712774032243
RIGHT,0.5497847449589655,0.41064818580229284,0.5624160795994388,0.4465590827317244
RIGHT,0.5454566821624195,0.4126443928876713,0.5572503822496435,0.4468402377013167
RIGHT,0.544424689530522,0.4131806484526645,0.5560424531871703,0.4474170706164247
RIGHT,0.5422771199431276,0.4131603010080924,0.560455115728057,0.44722200882911434
RIGHT,0.5393563991858276,0.41687423948244756,0.5551755553239219,0.44908003358678583
RIGHT,0.5308053851949384,0.42032879372933407,0.5622439275866682,0.4513228571480054
RIGHT,0.5341709943653117,0.4229116180172307,0.5647372786564581,0.4554452341899048
RIGHT,0.5294389774378813,0.4325478536881452,0.5552927729910316,0.45818019547023986
RIGHT,0.5356506217730995,0.4291468193690518,0.562763746786802,0.4564906814039633
RIGHT,0.526931148475997,0.43905230692896247,0.5652875005701228,0.45948336125875144
RIGHT,0.5150706814646439,0.43326541676697644,0.5640691352794899,0.46198510622342903
RIGHT,0.5119057066930517,0.4167037616151613,0.5621552424620061,0.4611975994593523
RIGHT,0.5018018532675819,0.42055979643765745,0.5655458571612852,0.4633785817033464
RIGHT,0.4953615851074123,0.42779286208988737,0.5627560197393175,0.4634107931154224
RIGHT,0.49756105428188424,0.4224670783028474,0.5598879683518247,0.45995180980278016
RIGHT,0.476592149824036,0.42181850103708873,0.5502784808722864,0.45940235647002176
RIGHT,0.46701466179309215,0.42960129383795137,0.5512581671547861,0.46279782328022323
RIGHT,0.46193602501669345,0.4327471772495088,0.5501340639249077,0.4619033501334124
RIGHT,0.4549824180496118,0.4331375587221098,0.552684136183094,0.46009109179542
RIGHT,0.4534079996149014,0.43706369270504875,0.5464600596665177,0.46061157250976464
RIGHT,0.46084221215622495,0.44410473280184976,0.545573205965708,0.4618563640034993
RIGHT,0.45779169329685354,0.4549499650919253,0.5418587236990221,0.46520398661062673
RIGHT,0.45956291044926023,0.4550698438468535,0.5417447224451496,0.467641789426043
RIGHT,0.46626893858105556,0.4519323450463648,0.5378895591359932,0.467112698340943
RIGHT,0.46183653854646506,0.4527710779000725,0.5434497287265614,0.46698179982889254
RIGHT,0.45196014810253526,0.4550339693621572,0.538589695126392,0.46743150282815354
RIGHT,0.4484105177617644,0.46723030172675417,0.534228408301742,0.4700454047345822
RIGHT,0.44945068620902623,0.4628047751469318,0.5354514470890608,0.4650328518971856
RIGHT,0.4520807705808127,0.46183678975615583,0.5351936397819806,0.46376916735366785
RIGHT,0.45127422907489045,0.461665421264201,0.5347105796352949,0.4631418147073675
RIGHT,0.4512144379073576,0.46116682537523374,0.5351150066038992,0.46240332633964876
RIGHT,0.44996023906652627,0.4606562255058489,0.5361183029334315,0.4618590526187272
RIGHT,0.4563023618879698,0.46079074827065675,0.5358896818172337,0.4626303926593353
RIGHT,0.462082987663653,0.4644541365931294,0.5242325272998836,0.4667791729832289
RIGHT,0.4537570993425853,0.4783040059902652,0.5152313517420131,0.4868836506815361
RIGHT,0.44034222455028094,0.49866553211266257,0.5028450733083917,0.5025922218731492
RIGHT,0.4407688449976523,0.48891855010511326,0.48588825063600777,0.502215213636705
RIGHT,0.43719395218117685,0.46258310470295744,0.4835824018888203,0.4739359458451622
RIGHT,0.4271455627389317,0.45079179377425543,0.473015125162009,0.4458247596888879
RIGHT,0.38270450845379106,0.45527613869652295,0.4556197268651035,0.42318135280560354
RIGHT,0.37236436882793444,0.4487415867428061,0.43980391680151054,0.4040342032146899
RIGHT,0.35699410991006125,0.4393988176191409,0.4317648094984675,0.36967529470522786
RIGHT,0.35197191041241693,0.4307907755055208,0.42574913838882344,0.36083985152852344
RIGHT,0.35445573427140364,0.3872208016845905,0.4134932221063615,0.34906410311678393
RIGHT,0.34281189718372446,0.36236065363847975,0.4032604087739662,0.3454674604917672
RIGHT,0.3394379974798407,0.34261351604933893,0.4081254324163674,0.32778027241430996
RIGHT,0.3346777607372607,0.34540753595024676,0.4012610311394544,0.33087437345235654
RIGHT,0.3585684416750252,0.35131770501878246,0.4105820667232563,0.33870204607201987
RIGHT,0.35577870518282784,0.3577309835450295,0.4113159058088481,0.32198915780611437
RIGHT,0.36091205438419643,0.3541449564595695,0.41661777889621077,0.3069105886840579
RIGHT,0.35540021967937935,0.3357017393164048,0.4172220222820297,0.277124914089684
RIGHT,0.3544997533158061,0.33124959445832913,0.41464273415644864,0.2919833898875562
RIGHT,0.35862478878619003,0.328874269507832,0.4151629300565474,0.2954115628541397
RIGHT,0.35175190832382225,0.3275697152772446,0.41332635315062644,0.2975166541842413
RIGHT,0.3469436969905341,0.33013123176760595,0.40978131046622246,0.2994948844530293
RIGHT,0.35592411906207755,0.33672286791060635,0.41439298159495125,0.30679368921983574
RIGHT,0.3575088355021408,0.34273962699180444,0.41634062815522976,0.3090666225012975
RIGHT,0.35691412812108386,0.3535689913586454,0.4129063763555299,0.3173963232524952
RIGHT,0.35921992167799766,0.35226672846697277,0.4126123309410455,0.31538055353873623
RIGHT,0.3548636645356579,0.355545702550081,0.4130962801805087,0.3173189352294879
RIGHT,0.35312097350976523,0.355750983067419,0.4121093783178015,0.3172854818137837
RIGHT,0.3516757063256098,0.35543384906458825,0.41090252986204706,0.31694151224676836
RIGHT,0.3580407651335469,0.3555094290448101,0.4098682807418861,0.3174084455686965
RIGHT,0.35730599617352105,0.35597008550327336,0.4076871798338509,0.3164747696096734
RIGHT,0.3551174654651335,0.35629494305593346,0.4090673854144515,0.31629349661274486
RIGHT,0.35341888909824426,0.3571224911599172,0.40366507408158064,0.31381387880480444
RIGHT,0.3522149614173189,0.3571220346267753,0.40434032670408837,0.31346618030296874
RIGHT,0.34907089482283016,0.35733808767585157,0.4050558423629379,0.3136785279672589
RIGHT,0.35349418990248305,0.359132907446593,0.4089489461959458,0.3170646029633043
RIGHT,0.3573389068591756,0.36192504923579244,0.41112409861054183,0.3210251886114367
RIGHT,0.3575885596481097,0.36183296828037265,0.4110393926495373,0.31797526562825157
RIGHT,0.3578481684897327,0.3634193981278499,0.4129949028653205,0.3239050324903654
RIGHT,0.35782821702901474,0.36325077736735684,0.41524514658405837,0.325516727942473
RIGHT,0.36014402020801434,0.36458878102524694,0.4182077778175911,0.33127223451637366
RIGHT,0.36277658676816676,0.36597204087672686,0.41993576800894555,0.33080754167556237
RIGHT,0.3636178440598883,0.36817306923051524,0.4213863098488986,0.3343200069378185
RIGHT,0.36246312003026654,0.36653599513382756,0.42090537958480656,0.333433334820769
RIGHT,0.36182126247368607,0.3665698314942985,0.4209452996664565,0.3335150790542364
RIGHT,0.3614208281811099,0.3678262482137208,0.42054251003299487,0.33536278136656733
RIGHT,0.3612539646083148,0.36805708013172456,0.42070162491629426,0.33487784704563606
RIGHT,0.36175155113875923,0.36875577310289104,0.42057774763738254,0.3355645319692221
RIGHT,0.36145092288487823,0.37066175470695073,0.42141959770382037,0.3359811791700663
RIGHT,0.35996815241802366,0.3719047442915613,0.4190945079128532,0.33643217409856924
RIGHT,0.36216538054026637,0.37230281946423455,0.4180223234595075,0.3363758325112041
RIGHT,0.36068810701227955,0.3726173220275661,0.41385183451647295,0.33857334487384305
RIGHT,0.36691156901599176,0.3745530987424238,0.41209151675193995,0.34027768864529284
RIGHT,0.36753781479158437,0.37497289373880327,0.4144901033606449,0.3330058863466142
RIGHT,0.35951710767561257,0.36938734814810165,0.41188618058659887,0.3171379624253639
RIGHT,0.3597051603734449,0.362925188468797,0.41701847167638056,0.3180530270786478
RIGHT,0.356473552604688,0.35270601289334724,0.41395071894838664,0.3102094269248732
RIGHT,0.3554360390202958,0.3453592401114012,0.41065385668134374,0.3045910216435145
RIGHT,0.35786100919695274,0.34432388796020835,0.41062029320615995,0.30439835908054486
RIGHT,0.35491360152077683,0.34324623957793154,0.4089772197350141,0.3044552803980432
RIGHT,0.35528162841640176,0.34465319287157736,0.4100400352621562,0.3072309326808525
RIGHT,0.36039679013716835,0.35197607041574264,0.4145514195103621,0.31338284559745644
RIGHT,0.36018273782638555,0.35020532615394534,0.4130068269124827,0.31041646390557676
RIGHT,0.3594247500369234,0.3508665323105967,0.4124545893363477,0.30978332793647795
RIGHT,0.35973604201690507,0.35236938847988697,0.41206388834044266,0.3112626704164441
RIGHT,0.3596163523264704,0.3536973100487551,0.4136794388670394,0.31440891225294654
RIGHT,0.36152827687968003,0.35800490240924826,0.4135959996712461,0.316018095466074
RIGHT,0.36153430318630014,0.35768858922203806,0.4143575426792672,0.31640784070124583
RIGHT,0.3616386959109397,0.3600415271370485,0.41839006668472634,0.31770084799130444
RIGHT,0.3614797663526814,0.3600421003534968,0.42041262275258307,0.31899758199175987
RIGHT,0.361340747079218,0.36205576569564896,0.42178411426374735,0.322053048123226
RIGHT,0.3612176065620195,0.36392037028715174,0.42173043048871195,0.3216359732978758
RIGHT,0.3611860402951162,0.3626951286064673,0.42197937920415873,0.31845421201576696
RIGHT,0.3608180172118964,0.36259005104642167,0.420711034078173,0.31893787335314355
RIGHT,0.3608148708424142,0.3618932184293807,0.4218853620381472,0.31961925232209965
RIGHT,0.36031003704481723,0.3615535481783021,0.42154760147601444,0.32037993990746233
