Time_s,Target_X,Target_Y,Gaze_X,Gaze_Y,Gaze_Velocity_px_s,Target_Velocity_px_s,Pursuit_Gain,Gaze_Target_Distance_px,Catchup_Movement,Blink
0.51,1282.12,633.73,811,863,0.0,0.0,0.0,523.95,0,0
0.565,1298.79,648.42,823,863,1056.87,404.52,2.613,521.94,1,0
0.622,1305.52,661.54,829,863,627.02,258.86,2.422,517.36,0,0
0.638,1305.46,664.83,832,863,2212.47,205.07,10.789,513.25,0,0
0.685,1300.29,673.39,834,863,733.95,212.94,3.447,503.37,0,0
0.697,1297.59,675.46,836,863,1102.7,264.09,4.176,498.23,0,0
0.765,1274.51,684.26,835,863,126.91,365.54,0.347,474.47,0,0
0.781,1266.9,685.82,834,863,0.0,485.64,0.0,467.76,0,0
0.839,1232.62,689.85,836,863,415.01,593.48,0.699,432.77,0,0
0.86,1218.12,690.63,837,863,1646.22,706.69,2.329,418.28,1,0
0.899,1187.28,691.2,842,863,457.71,788.8,0.58,385.66,0,0
0.922,1167.04,690.96,847,863,290.29,871.22,0.333,363.35,0,0
0.953,1137.63,689.97,851,863,0.0,939.3,0.0,334.81,0,0
0.978,1112.95,688.64,854,863,459.77,1005.15,0.457,312.18,0,0
1.028,1058.73,684.47,854,863,664.07,1085.29,0.612,271.63,0,0
1.048,1035.58,682.25,854,863,324.37,1153.65,0.281,256.21,0,0
1.094,980.07,675.97,853,863,228.62,1209.33,0.189,226.11,0,0
1.105,966.35,674.24,853,863,4234.43,1252.1,3.382,220.18,0,0
1.148,912.65,666.77,863,863,1597.21,1285.22,1.243,202.41,1,0
1.17,883.11,662.24,876,863,993.74,1319.28,0.753,200.89,0,0
1.232,801.75,648.19,885,863,136.18,1349.35,0.101,230.37,0,0
1.3,710.01,629.58,895,863,160.25,1369.35,0.117,297.84,0,0
1.318,685.24,624.02,908,863,1107.65,1365.48,0.811,326.7,0,0
1.346,648.96,615.43,918,863,1036.63,1303.39,0.795,365.61,0,0
1.363,626.61,609.85,926,863,0.0,1437.49,0.0,392.07,0,0
1.381,603.24,603.78,932,863,0.0,1331.04,0.0,418.66,0,0
1.419,556.07,590.68,935,863,1967.63,1305.75,1.507,466.63,1,0
1.444,525.17,581.42,930,863,1428.6,1270.98,1.124,493.12,0,0
1.477,486.6,568.99,920,863,855.55,1232.19,0.694,523.71,0,0
1.491,470.28,563.4,912,863,472.32,1196.91,0.395,533.74,0,0
1.545,412.97,541.82,905,863,526.27,1138.79,0.462,587.58,0,0
1.557,401.68,537.15,900,863,0.0,1078.62,0.0,595.4,0,0
1.609,353.34,514.97,896,863,0.0,1013.15,0.0,644.67,0,0
1.704,284.34,473.09,894,863,104.12,847.56,0.123,723.68,0,1
1.721,274.84,465.48,894,863,914.13,718.48,1.272,735.79,1,0
1.756,258.1,449.77,895,863,556.57,659.39,0.844,759.21,0,0
1.771,252.19,443.12,895,863,109.75,605.79,0.181,767.79,0,0
1.786,246.71,436.09,895,863,12217.04,575.04,21.246,776.23,0,0
1.822,236.97,419.68,895,863,644.64,527.34,1.222,793.44,0,0
1.839,233.94,412.12,895,863,829.19,487.8,1.7,800.18,0,0
1.887,230.41,390.53,895,863,37.22,456.25,0.082,815.42,0,0
1.902,230.86,384.03,896,863,955.71,447.88,2.134,819.65,0,0
1.947,236.82,364.02,897,863,306.39,461.14,0.664,827.54,0,0
1.962,240.31,357.46,899,863,1956.52,493.98,3.961,830.33,0,0
2.018,260.08,333.27,900,863,116.13,551.83,0.21,830.73,0,0
2.089,298.73,304.6,900,863,275.85,684.23,0.403,820.58,0,0
2.105,309.94,298.13,900,863,859.68,784.53,1.096,816.85,1,0
2.157,349.59,278.81,894,863,495.12,861.81,0.575,798.53,0,0
2.172,362.71,273.31,884,863,1388.68,936.49,1.483,787.07,0,0
2.229,417.24,253.61,870,863,502.12,1012.67,0.496,759.18,0,0
2.243,432.15,248.92,859,863,3.09,1084.0,0.003,747.86,0,0
2.289,481.9,234.92,848,863,216.76,1137.35,0.191,726.99,0,0
2.3,494.26,231.78,839,863,2153.29,1183.78,1.819,719.22,0,0
2.328,528.17,223.76,830,863,391.65,1212.86,0.323,706.91,0,0
2.345,548.92,219.25,822,863,252.12,1243.76,0.203,699.28,0,0
2.361,568.82,215.17,817,863,0.0,1263.77,0.0,693.74,0,0
2.413,634.77,203.23,811,863,431.26,1297.72,0.332,682.9,0,0
2.509,762.83,186.03,807,863,59.49,1341.38,0.044,678.41,0,0
2.533,793.95,182.92,795,863,2938.34,1255.62,2.34,680.08,1,0
2.546,811.44,181.35,780,863,5341.34,1554.72,3.436,682.38,0,0
2.566,838.59,179.16,766,863,336.43,1340.61,0.251,687.68,0,0
2.599,882.72,176.26,756,863,4.14,1326.32,0.003,698.33,0,0
2.62,909.64,174.91,748,863,96.36,1306.73,0.074,706.82,0,0
2.694,1003.2,172.8,732,863,557.81,1256.48,0.444,741.57,0,0
2.709,1020.89,172.91,714,863,4300.31,1197.44,3.591,755.26,0,0
2.745,1061.8,173.86,700,863,2238.74,1156.85,1.935,778.34,0,0
2.772,1091.75,175.27,706,863,2535.99,1100.89,2.304,788.53,0,0
2.784,1104.49,176.08,725,863,5607.96,1062.77,5.277,784.78,0,0
2.81,1130.86,178.2,765,863,3959.28,1023.57,3.868,776.4,1,0
2.932,1233.3,195.13,798,863,238.73,850.35,0.281,797.2,0,0
2.939,1238.37,196.57,833,863,5272.05,687.91,7.664,780.04,0,0
2.957,1249.18,199.95,859,863,207.49,655.17,0.317,769.33,0,0
2.973,1258.35,203.27,880,863,865.03,611.61,1.414,760.53,0,0
2.999,1271.73,209.1,898,863,1405.99,556.78,2.525,753.17,0,0
3.015,1278.85,212.9,912,863,104.23,503.38,0.207,746.47,0,0
3.081,1299.42,230.31,926,863,229.43,408.39,0.562,734.67,0,0
3.093,1301.6,233.75,938,863,275.32,341.93,0.805,726.75,0,0
3.162,1304.87,255.54,952,863,472.54,312.17,1.514,702.51,0,0
3.174,1303.85,259.36,962,863,0.0,376.04,0.0,693.72,0,0
3.209,1297.9,271.69,970,863,218.41,385.81,0.566,676.14,0,0
3.225,1293.84,277.47,976,863,1496.12,440.35,3.398,666.23,1,0
3.289,1269.49,301.55,981,863,0.0,538.23,0.0,631.23,0,0
3.3,1264.08,305.81,985,863,3376.72,637.51,5.297,623.18,0,0
3.334,1244.53,319.61,994,863,757.81,698.16,1.085,598.36,0,0
3.36,1227.62,330.19,1001,863,134.89,778.48,0.173,579.0,0,0
3.413,1186.43,352.87,1013,863,437.6,880.87,0.497,538.81,0,0
3.426,1174.97,358.64,1022,863,389.51,964.05,0.404,527.05,0,0
3.469,1135.66,377.21,1033,863,537.31,1028.79,0.522,496.52,0,0
3.489,1115.08,386.33,1045,863,794.17,1097.9,0.723,481.79,1,0
3.54,1060.02,409.27,1054,863,48.72,1168.75,0.042,453.77,0,0
3.552,1046.38,414.69,1061,863,289.92,1225.68,0.237,448.55,0,0
3.624,959.28,447.42,1067,863,0.0,1288.56,0.0,429.32,0,0
3.636,945.22,452.46,1071,863,190.52,1341.19,0.142,429.38,0,0
3.69,874.94,476.87,1070,863,314.63,1370.89,0.23,432.6,0,0
3.702,858.52,482.41,1069,863,215.73,1394.29,0.155,434.92,0,0
3.748,796.88,502.77,1067,863,83.81,1405.84,0.06,450.26,0,0
3.757,785.25,506.54,1062,863,1826.57,1411.57,1.294,451.28,1,0
3.814,708.49,530.98,1054,863,248.73,1408.17,0.177,479.18,0,0
3.835,680.78,539.63,1044,863,836.68,1394.74,0.6,486.3,0,0
3.87,634.49,553.95,1028,863,1025.93,1376.32,0.745,500.36,0,0
3.89,609.12,561.73,1016,863,209.86,1352.61,0.155,506.28,0,0
3.94,545.7,581.03,1006,863,138.11,1312.38,0.105,539.8,0,0
3.953,530.19,585.73,997,863,566.75,1269.21,0.447,542.94,0,0
3.996,480.09,600.91,982,863,685.38,1223.86,0.56,566.22,0,0
4.009,465.0,605.49,970,863,730.28,1173.22,0.622,566.87,1,0
4.071,400.83,625.09,951,863,621.71,1095.8,0.567,599.41,0,0
4.092,380.18,631.48,936,863,707.65,1001.27,0.707,602.11,0,0
4.155,326.48,648.52,920,863,304.45,892.3,0.341,631.09,0,0
4.169,316.1,651.91,906,863,1458.12,786.52,1.854,626.53,0,0
4.196,297.6,658.11,889,863,1191.15,727.25,1.638,625.89,0,0
4.212,287.68,661.53,876,863,974.6,663.48,1.469,621.86,0,0
4.278,254.69,673.82,864,863,185.65,536.4,0.346,638.01,0,0
4.293,249.05,676.19,855,863,550.52,407.03,1.353,634.09,1,0
4.342,235.76,682.75,844,863,293.49,301.71,0.973,634.38,0,0
4.35,234.33,683.66,836,863,151.11,208.3,0.725,627.83,0,0
4.401,230.41,688.18,829,863,154.83,117.59,1.317,623.59,0,0
4.42,231.21,689.38,823,863,23.8,73.87,0.322,616.73,0,0
4.47,238.95,691.07,819,863,15.47,160.19,0.097,605.0,0,0
4.491,244.8,691.2,814,863,277.34,273.98,1.012,594.56,0,0
4.522,255.84,690.75,809,863,239.09,359.25,0.666,579.36,0,0
4.546,266.76,689.86,804,863,178.84,448.83,0.398,564.45,0,0
4.615,307.52,684.81,801,863,0.6,595.7,0.001,524.67,0,0
4.635,322.13,682.63,798,863,2.04,730.4,0.003,508.91,0,0
4.67,349.97,678.13,797,863,108.77,808.83,0.134,483.75,0,0
4.684,362.15,676.05,796,863,523.03,875.84,0.597,472.41,1,0
4.741,416.4,666.13,796,863,73.29,966.44,0.076,427.62,0,0
4.761,436.97,662.13,797,863,86.03,1057.47,0.081,412.27,0,0
4.802,482.28,652.94,799,863,692.22,1122.1,0.617,380.05,0,0
4.812,492.94,650.71,801,863,872.48,1171.58,0.745,374.12,0,0
4.869,562.24,635.56,803,863,128.36,1228.63,0.104,331.2,0,0
4.891,589.78,629.25,804,863,424.44,1287.67,0.33,317.06,0,0
4.93,639.62,617.42,805,863,145.99,1323.36,0.11,296.08,0,0
4.947,662.12,611.9,802,863,887.05,1350.49,0.657,287.44,1,0
5.0,731.72,594.09,799,863,352.13,1374.06,0.256,277.2,0,0
5.021,759.95,586.54,796,863,4.21,1389.89,0.003,278.8,0,0
5.058,810.62,572.47,794,863,684.2,1393.6,0.491,291.0,0,0
5.073,830.89,566.65,793,863,300.31,1391.58,0.216,298.77,0,0
5.141,919.61,539.63,793,863,0.0,1374.88,0.0,347.27,0,0
5.153,935.15,534.61,793,863,18.98,1348.82,0.014,357.84,0,0
5.2,993.66,514.79,793,863,473.62,1319.82,0.359,401.89,0,0
5.217,1014.0,507.51,793,863,801.0,1282.54,0.625,418.58,1,0
5.258,1062.44,489.22,794,863,236.94,1240.83,0.191,460.18,0,0
5.279,1085.4,479.99,794,863,77.54,1190.8,0.065,481.26,0,0
5.333,1141.03,455.69,795,863,1.2,1121.67,0.001,534.45,0,0
5.355,1161.16,446.02,796,863,101.6,1045.4,0.097,554.27,0,0
5.392,1193.9,428.95,799,863,252.07,980.22,0.257,586.81,0,0
5.408,1206.49,421.8,803,863,680.99,918.68,0.741,597.88,0,0
5.454,1239.51,400.84,807,863,42.47,843.7,0.05,632.98,0,0
5.467,1247.22,395.32,813,863,946.31,771.92,1.226,638.18,1,0
5.541,1283.97,362.37,821,863,171.17,664.47,0.258,681.88,0,0
5.556,1289.23,355.88,828,863,695.31,560.63,1.24,685.5,0,0
5.595,1299.65,339.0,846,863,1695.56,503.69,3.366,693.09,0,0
5.618,1303.35,329.34,862,863,1072.29,449.86,2.384,692.52,0,0
5.67,1305.24,308.44,875,863,280.33,409.56,0.684,701.89,0,0
5.691,1303.38,299.89,887,863,315.37,403.73,0.781,700.34,0,0
5.73,1296.2,285.15,898,863,531.24,425.11,1.25,701.77,1,0
5.744,1292.18,279.72,909,863,1081.8,460.96,2.347,697.88,0,0
5.788,1276.14,264.22,924,863,826.9,513.11,1.612,694.65,0,0
5.805,1268.15,258.37,944,863,1821.36,577.52,3.154,686.04,0,0
5.866,1232.32,238.81,963,863,709.0,667.87,1.062,679.81,0,0
5.877,1224.94,235.62,978,863,3531.27,754.66,4.679,674.22,0,0
5.919,1192.3,223.59,989,863,546.59,817.94,0.668,670.95,0,0
5.937,1177.16,218.88,998,863,0.0,888.79,0.0,668.57,0,0
6.007,1110.48,202.51,1003,863,78.01,984.71,0.079,669.18,0,0
6.02,1096.76,199.81,1006,863,1086.67,1069.85,1.016,669.37,1,0
6.063,1049.5,191.85,998,863,1172.98,1120.84,1.047,673.12,0,0
6.079,1030.87,189.2,986,863,1688.89,1170.5,1.443,675.29,0,0
6.126,973.6,182.52,968,863,1922.41,1216.71,1.58,680.5,0,0
6.143,952.39,180.54,946,863,2439.01,1257.75,1.939,682.49,0,0
6.194,886.9,175.95,929,863,925.37,1291.5,0.717,688.34,0,0
6.205,872.52,175.23,912,863,1891.25,1316.29,1.437,688.9,0,0
6.262,796.64,172.98,898,863,142.02,1333.06,0.107,697.42,0,0
6.279,773.81,172.81,885,863,406.32,1343.25,0.302,699.09,0,0
6.313,727.79,173.16,875,863,1208.68,1342.94,0.9,705.38,1,0
6.332,701.99,173.76,868,863,2320.61,1337.66,1.735,708.95,0,0
6.387,630.34,177.05,867,863,2963.55,1319.92,2.245,725.63,0,0
6.401,612.51,178.25,873,863,6775.62,1295.93,5.228,732.63,0,0
6.455,544.12,184.43,888,863,723.74,1261.29,0.574,760.73,0,0
6.535,451.55,197.55,902,863,170.41,1169.63,0.146,803.57,0,0
6.552,432.87,201.04,915,863,951.3,1087.36,0.875,818.92,0,0
6.586,398.55,208.41,925,863,4033.05,1037.34,3.888,840.02,1,0
6.606,379.33,213.18,933,863,3084.75,981.51,3.143,853.71,0,0
6.622,365.22,217.03,938,863,3858.65,942.74,4.093,863.34,0,0
6.653,338.83,225.21,938,863,715.95,890.12,0.804,875.09,0,0
6.662,331.7,227.68,936,863,1129.49,843.88,1.338,876.82,0,0
6.713,295.11,242.8,933,863,1348.41,771.75,1.747,889.69,0,0
6.732,283.59,248.74,932,863,717.16,687.8,1.043,893.16,0,0
6.789,255.52,267.8,927,863,500.13,598.59,0.836,897.3,0,0
6.801,250.95,271.98,921,863,610.06,524.46,1.163,893.46,0,0
6.852,236.41,290.83,922,863,987.17,465.88,2.119,892.98,1,0
6.919,230.49,317.36,927,863,208.16,403.74,0.516,884.78,0,0
6.933,231.18,323.13,935,863,1366.0,412.16,3.314,887.03,0,0
6.998,242.83,350.37,941,863,6989.83,458.48,15.246,866.16,0,0
7.013,247.51,356.85,946,863,3564.88,533.12,6.687,862.6,0,0
7.052,263.37,374.22,924,863,10469.52,593.56,17.639,821.79,0,0
7.072,273.21,383.05,894,863,3356.55,664.57,5.051,784.68,0,0
7.084,279.39,388.13,848,863,10581.17,702.93,15.053,740.83,0,0
7.111,295.97,400.48,813,863,0.0,750.94,0.0,693.72,0,0
7.128,307.08,407.99,787,863,3640.39,805.63,4.519,661.34,1,0
7.191,356.29,436.58,794,863,1822.37,858.89,2.122,611.08,0,0
7.212,374.88,446.04,801,863,1260.35,1176.73,1.071,596.18,0,0
7.245,407.04,461.23,816,863,13374.48,1058.29,12.638,573.29,0,0
7.324,492.3,496.47,828,863,6.2,1166.9,0.005,497.03,0,0
7.339,509.0,502.74,848,863,3157.16,1245.42,2.535,494.68,0,0
7.381,559.5,520.76,863,863,593.49,1284.03,0.462,457.42,1,0
7.399,583.22,528.8,874,863,0.0,1320.46,0.0,442.99,0,0
7.463,665.69,554.97,881,863,392.1,1357.08,0.289,375.82,0,0
7.483,691.9,562.79,882,863,647.37,1382.98,0.468,355.34,0,0
7.516,735.86,575.44,870,863,3229.15,1391.07,2.321,317.3,0,0
7.533,759.37,581.99,861,863,145.83,1394.01,0.105,298.83,0,0
7.542,770.76,585.11,844,863,7162.42,1393.42,5.14,287.38,0,0
7.583,825.31,599.59,832,863,0.0,1387.8,0.0,263.49,0,0
7.596,843.84,604.35,822,863,0.0,1376.85,0.0,259.57,0,0
7.643,905.62,619.65,846,863,3426.55,1356.17,2.527,250.55,1,0
7.717,998.15,641.01,866,863,437.0,1293.61,0.338,258.34,0,0
7.729,1012.85,644.24,881,863,3971.81,1234.29,3.218,255.43,0,0
7.772,1062.77,654.82,892,863,1627.71,1187.16,1.371,269.26,0,0
7.785,1077.5,657.83,898,863,1226.3,1134.53,1.081,272.61,0,0
7.837,1131.31,668.35,901,863,175.7,1066.04,0.165,301.55,0,0
7.862,1155.58,672.82,902,863,568.92,977.5,0.582,316.97,0,0
7.924,1208.45,681.78,904,863,574.73,864.89,0.665,354.3,1,0
7.936,1217.45,683.18,905,863,1621.42,763.04,2.125,360.5,0,0
7.98,1247.46,687.4,905,863,227.1,680.0,0.334,384.86,0,0
8.0,1258.62,688.75,906,863,1673.24,582.99,2.87,393.33,0,0
8.015,1266.72,689.61,894,863,3208.72,528.7,6.069,411.08,0,0
8.04,1278.27,690.62,885,863,852.94,464.34,1.837,429.39,0,0
8.118,1301.46,690.56,878,863,1215.18,295.7,4.11,457.22,0,0
8.133,1303.58,690.0,878,863,1164.42,146.38,7.955,459.4,0,0
8.171,1305.58,687.78,,,1164.42,78.88,7.955,0.0,0,0
8.187,1305.01,686.54,,,1164.42,87.7,7.955,0.0,0,0
8.251,1293.99,679.41,,,1164.42,203.38,7.955,0.0,0,0
8.263,1290.46,677.75,,,1164.42,328.45,7.955,0.0,0,0
8.298,1277.59,672.32,,,1164.42,404.41,7.955,0.0,0,0
8.315,1269.69,669.26,,,1164.42,488.54,7.955,0.0,0,0
8.373,1236.54,657.48,,,1164.42,607.05,7.955,0.0,0,0
8.385,1228.58,654.8,,,1164.42,713.46,7.955,0.0,0,0
8.455,1173.0,636.85,,,1164.42,830.71,7.955,0.0,0,0
8.471,1158.68,632.37,,,1164.42,946.9,7.955,0.0,0,0
8.51,1120.73,620.65,907,863,2992.17,1014.74,2.949,323.13,1,0
8.53,1100.39,614.43,930,863,4872.32,1082.84,4.5,301.36,0,0
8.567,1060.13,602.19,997,863,5878.58,1142.46,5.146,268.34,0,0
8.584,1040.44,596.22,1052,863,13072.15,1194.98,10.939,267.03,0,0
8.638,976.02,576.7,1093,863,2618.61,1254.7,2.087,309.28,0,0
8.657,951.45,569.23,1124,863,0.0,1308.17,0.0,340.7,0,0
8.701,895.69,552.16,1121,863,2626.13,1344.58,1.953,383.91,0,0
8.719,871.88,544.81,1089,863,7875.72,1373.46,5.734,385.21,0,0
8.771,802.38,523.06,1065,863,38.0,1395.55,0.027,429.57,0,0
8.785,783.55,517.07,1047,863,0.0,1408.63,0.0,434.82,0,0
8.828,726.2,498.56,1035,863,146.98,1411.23,0.104,477.68,0,0
8.846,702.1,490.62,1026,863,1392.52,1407.71,0.989,493.54,1,0
8.919,605.36,457.62,1020,863,2038.13,1385.34,1.471,579.88,0,0
8.935,585.95,450.73,1013,863,1064.85,1350.8,0.788,593.58,0,0
8.974,537.65,433.09,1008,863,0.0,1320.65,0.0,637.22,0,0
8.991,516.62,425.15,1001,863,1020.81,1284.15,0.795,652.95,0,0
9.045,455.56,400.98,995,863,7.99,1228.8,0.006,710.26,0,0
9.055,444.68,396.46,993,863,6712.18,1173.44,5.72,719.94,0,0
9.102,395.79,375.14,992,863,181.84,1116.07,0.163,770.37,0,0
9.116,382.94,369.2,991,863,502.03,1051.07,0.478,783.31,1,0
9.168,337.71,346.69,990,863,130.58,975.17,0.134,831.9,0,0
9.182,326.47,340.59,990,863,612.7,894.49,0.685,844.51,0,0
9.232,291.49,319.62,989,863,94.44,810.79,0.116,884.19,0,0
9.248,281.9,313.12,971,863,8929.28,722.95,12.351,881.6,0,0
9.29,260.71,296.69,956,863,487.83,645.13,0.756,896.73,0,0
9.306,253.79,290.35,942,863,759.42,567.65,1.338,895.3,0,0
9.383,233.3,262.53,909,863,1178.52,449.67,2.621,903.95,1,0
9.401,231.35,256.52,874,863,2231.72,355.9,6.271,883.64,0,0
9.435,230.59,245.35,848,863,271.35,325.14,0.835,873.32,0,0
9.453,231.74,239.9,828,863,0.0,316.44,0.0,862.43,0,0
9.509,242.19,223.87,843,863,2202.46,343.43,6.413,877.19,0,0
9.523,246.49,220.1,857,863,1170.65,403.18,2.904,886.59,0,0
9.566,263.47,209.5,872,863,559.79,466.42,1.2,892.96,0,0
9.583,272.02,205.55,887,863,2523.78,541.15,4.664,900.25,0,0
9.637,304.45,194.66,902,863,204.19,633.46,0.322,896.52,0,0
9.65,313.05,192.47,916,863,1051.89,720.7,1.46,901.75,1,0
9.691,344.82,185.97,926,863,3740.56,789.14,4.74,892.27,0,0
9.707,359.17,183.67,935,863,578.31,861.81,0.671,890.54,0,0
9.765,413.46,177.46,941,863,88.0,949.3,0.093,865.02,0,0
9.779,427.63,176.35,946,863,1386.4,1028.54,1.348,860.35,0,0
9.846,501.36,173.11,946,863,252.04,1107.31,0.228,820.76,0,1
9.858,515.77,172.9,946,863,3922.39,1177.19,3.332,813.23,0,0
9.899,566.1,173.06,944,863,3298.53,1217.34,2.71,786.66,0,0
9.915,586.28,173.49,941,863,309.16,1255.7,0.246,775.41,0,0
9.974,661.76,176.75,938,863,135.35,1294.7,0.105,739.76,0,0
9.982,672.94,177.45,929,863,3312.42,1322.77,2.504,731.81,1,0
10.028,733.88,182.17,914,863,725.48,1337.5,0.542,704.25,0,0
10.039,749.31,183.61,903,863,223.91,1348.16,0.166,696.56,0,0
10.099,829.79,192.74,892,863,647.91,1350.26,0.48,673.14,0,0
10.111,845.94,194.91,878,863,2256.02,1344.5,1.678,668.86,0,0
10.162,913.19,205.23,876,863,2103.81,1329.1,1.583,658.82,0,0
10.173,926.44,207.52,880,863,3129.91,1308.44,2.392,657.12,0,0
10.225,992.47,220.39,889,863,421.08,1278.19,0.329,650.88,0,1
10.236,1005.79,223.31,905,863,3950.41,1242.09,3.18,647.58,1,0
10.292,1069.82,239.1,917,863,3405.77,1195.41,2.849,642.35,0,0
10.303,1082.17,242.53,926,863,1870.94,1143.27,1.636,639.82,0,0
10.377,1157.51,267.13,930,863,115.23,1063.95,0.108,637.82,0,0
10.389,1168.31,271.31,922,863,4289.01,977.73,4.387,640.91,0,0
10.433,1204.96,287.28,909,863,685.94,917.18,0.748,647.34,0,0
10.451,1219.21,294.44,899,863,170.11,847.17,0.201,652.53,0,0
10.488,1244.22,308.91,891,863,1374.53,782.83,1.756,657.1,1,0
10.51,1257.04,317.65,887,863,355.48,715.48,0.497,659.04,0,0
10.564,1282.43,339.88,886,863,131.34,592.16,0.222,656.36,0,0
10.587,1290.84,350.1,887,863,328.75,649.11,0.506,652.8,0,0
10.628,1300.86,367.85,900,863,1323.23,499.65,2.648,637.08,0,0
10.641,1302.88,373.54,911,863,0.0,467.69,0.0,627.01,0,0
10.68,1305.6,390.75,918,863,3285.76,450.53,7.293,610.94,0,0
10.699,1305.05,399.54,924,863,0.0,449.82,0.0,600.0,0,0
10.759,1295.63,426.28,929,863,65.11,479.43,0.136,570.21,0,0
10.78,1289.27,436.12,933,863,2834.6,540.13,5.248,556.01,1,0
10.839,1264.21,462.88,937,863,88.2,619.83,0.142,516.88,0,0
10.853,1257.11,468.81,941,863,0.0,700.84,0.0,505.28,0,0
10.889,1234.74,485.12,943,863,153.04,758.3,0.202,477.39,0,0
10.909,1220.68,494.05,944,863,146.12,824.71,0.177,461.17,0,0
10.964,1176.88,517.84,941,863,297.77,910.43,0.327,418.06,0,0
10.974,1167.89,522.17,933,863,2985.98,982.9,3.038,413.93,0,0
11.017,1127.66,539.92,928,863,179.49,1037.84,0.173,379.79,0,0
11.046,1097.38,551.89,929,863,675.86,1108.59,0.61,353.75,1,0
11.092,1046.43,569.99,930,863,95.33,1174.95,0.081,315.3,0,0
11.107,1028.75,575.78,931,863,0.0,1223.4,0.0,303.4,0,0
11.153,972.88,592.71,932,863,78.5,1264.67,0.062,273.36,0,0
11.172,948.94,599.41,934,863,281.07,1302.54,0.216,264.01,0,0
11.222,884.54,616.04,935,863,1108.01,1332.78,0.831,252.07,0,1
11.24,861.53,621.53,934,863,1977.48,1354.97,1.459,252.11,0,0
11.302,778.78,639.54,933,863,37.8,1367.58,0.028,271.51,0,0
11.358,703.26,653.81,932,863,61.52,1364.92,0.045,309.97,0,0
11.378,676.25,658.43,931,863,1175.3,1348.9,0.871,326.72,1,0
11.4,647.89,663.02,917,863,2528.77,1334.62,1.895,335.28,0,0
11.413,631.1,665.61,901,863,1896.75,1320.38,1.437,334.38,0,0
11.427,613.24,668.26,889,863,0.0,1307.64,0.0,337.59,0,0
11.493,529.94,679.07,880,863,825.19,1259.44,0.655,395.44,0,0
11.505,516.1,680.6,883,863,3671.65,1203.62,3.051,409.74,0,0
11.556,457.57,686.17,885,863,0.0,1149.03,0.0,462.57,0,0
11.57,441.92,687.37,886,863,253.66,1086.23,0.234,477.55,0,0
11.62,391.2,690.27,861,863,2113.49,1016.57,2.079,500.55,0,0
11.686,333.73,691.08,828,863,1023.85,877.48,1.167,523.32,1,0
11.708,316.79,690.59,741,863,18143.41,761.98,23.811,457.91,0,0
11.767,278.8,687.38,675,863,419.91,647.46,0.649,433.38,0,0
11.778,272.87,686.48,619,863,11000.32,546.66,20.123,388.54,0,0
11.817,254.94,682.56,584,863,2850.16,473.79,6.016,375.29,0,0
11.835,248.19,680.33,557,863,0.0,392.05,0.0,358.79,0,0
11.85,243.28,678.23,568,863,7842.6,345.55,22.696,373.61,0,0
11.882,235.6,673.3,576,863,675.11,284.65,2.372,389.69,0,0
11.901,232.76,670.17,582,863,1303.13,232.55,5.604,398.94,0,0
11.956,230.94,659.16,567,863,1397.69,201.59,6.933,393.05,1,0
11.968,231.91,656.46,556,863,8912.81,236.73,37.65,384.31,0,0
12.012,239.61,645.78,546,863,168.63,298.12,0.566,375.58,0,0
12.093,270.2,623.01,538,863,0.0,472.33,0.0,359.6,0,0
12.103,275.39,619.94,559,863,10707.84,607.63,17.622,373.51,0,0
12.135,294.14,609.67,588,863,1738.44,669.07,2.598,387.98,0,0
12.151,304.89,604.21,620,863,5048.73,738.9,6.833,407.76,0,0
12.215,354.12,581.56,651,863,426.77,849.56,0.502,409.08,0,0
12.226,363.52,577.53,678,863,1539.19,948.02,1.624,424.72,1,0
12.295,430.9,550.41,695,863,538.74,1044.12,0.516,409.22,0,0
12.317,454.32,541.49,711,863,571.84,1048.16,0.546,411.4,0,0
12.346,486.14,529.66,724,863,2187.01,1284.02,1.703,409.5,0,0
12.363,506.26,522.32,740,863,1650.22,1234.05,1.337,413.15,0,0
12.391,540.27,510.13,773,863,2891.83,1270.79,2.276,422.7,0,0
12.405,556.79,504.28,799,863,1159.58,1301.34,0.891,432.83,0,0
12.491,666.64,466.31,819,863,0.0,1357.3,0.0,424.94,0,0
12.503,683.53,460.57,832,863,2912.04,1398.19,2.083,428.95,1,0
12.542,735.56,442.95,816,863,2650.62,1409.96,1.88,427.68,0,0
12.558,756.31,435.95,775,863,7795.88,1417.26,5.501,427.46,0,0
12.612,829.09,411.36,743,863,0.0,1416.03,0.0,459.77,0,0
12.628,850.1,404.24,720,863,1516.81,1406.42,1.078,476.85,0,0
12.666,900.75,386.96,703,863,2003.7,1390.8,1.441,515.48,0,0
12.686,926.89,377.96,701,863,3990.86,1367.92,2.917,535.06,0,0
12.757,1014.05,347.33,731,863,1825.87,1317.16,1.386,588.24,1,0
12.772,1032.16,340.8,754,863,664.39,1257.51,0.528,591.67,0,0
12.815,1080.7,322.88,782,863,1108.57,1207.71,0.918,617.22,0,0
12.834,1101.19,315.09,812,863,1609.42,1149.14,1.401,619.54,0,0
12.88,1147.36,296.89,859,863,2208.28,1079.93,2.045,635.32,0,0
12.897,1163.04,290.43,901,863,1588.1,1007.91,1.576,629.68,0,0
12.944,1203.29,272.97,946,863,1169.66,927.81,1.261,643.69,0,0
12.957,1213.65,268.2,983,863,684.91,848.12,0.808,637.96,0,0
13.002,1244.19,253.11,1010,863,336.21,767.86,0.438,653.31,0,0
13.018,1253.89,247.87,1030,863,997.62,681.38,1.464,654.6,1,0
13.086,1285.86,227.48,1043,863,744.45,556.49,1.338,680.34,0,0
13.103,1291.53,222.82,1047,863,1395.17,430.95,3.237,685.29,0,0
13.129,1298.45,215.98,1050,863,11144.49,368.68,30.228,693.08,0,0
13.14,1300.64,213.28,1052,863,1814.57,318.07,5.705,695.67,0,0
13.221,1304.41,195.82,1038,863,793.42,220.47,3.599,718.4,0,0
13.234,1303.04,193.55,1028,863,143.66,213.09,0.674,723.74,0,0
13.271,1295.73,187.37,1021,863,426.62,253.86,1.681,729.35,0,0
13.29,1290.43,184.73,983,863,11689.44,320.42,36.482,744.69,1,0
13.353,1264.13,177.69,949,863,1176.41,432.93,2.717,754.29,0,0
13.37,1255.05,176.33,923,863,2232.44,549.39,4.064,762.74,0,0
13.397,1237.97,174.55,878,863,3922.29,614.33,6.385,776.88,0,0
13.415,1225.97,173.74,870,863,6064.98,679.9,8.92,775.75,0,0
13.484,1171.42,172.95,867,863,460.87,798.15,0.577,754.21,0,0
13.493,1162.76,173.14,885,863,8966.58,900.6,9.956,743.68,0,0
13.53,1127.23,174.54,878,863,2306.05,957.56,2.408,732.18,0,0
13.55,1107.46,175.71,873,863,3092.71,1023.01,3.023,726.18,1,0
13.607,1044.93,180.83,863,863,421.9,1102.6,0.383,706.02,0,0
13.621,1028.37,182.5,843,863,5493.66,1169.94,4.696,705.3,0,0
13.669,969.71,189.33,818,863,5124.13,1220.51,4.198,690.54,0,0
13.69,943.66,192.79,792,863,1310.64,1269.34,1.033,687.15,0,0
13.757,856.45,206.12,759,863,762.6,1304.73,0.584,664.07,0,0
13.769,840.85,208.78,735,863,9686.03,1418.52,6.828,662.73,0,0
13.807,789.61,218.1,723,863,2043.78,1360.24,1.503,648.33,1,0
13.827,762.2,223.46,714,863,0.0,1369.17,0.0,641.36,0,0
13.877,695.18,237.72,707,863,0.0,1369.5,0.0,625.39,0,0
13.897,668.77,243.81,702,863,6787.21,1361.4,4.985,620.08,0,0
13.928,628.09,253.77,644,863,7055.25,1348.64,5.231,609.43,0,0
13.948,602.94,260.3,591,863,1941.42,1331.37,1.458,602.81,0,0
14.003,534.32,279.77,520,863,2879.02,1295.92,2.222,583.4,0,0
14.016,519.15,284.45,439,863,13929.13,1256.68,11.084,584.08,0,0
14.07,456.98,305.32,364,863,1033.44,1208.4,0.855,565.37,1,0
14.085,440.93,311.24,302,863,1464.24,1152.67,1.27,568.98,0,0
14.126,399.07,327.96,256,863,2368.87,1101.57,2.15,553.84,0,0
14.141,384.5,334.3,221,863,0.0,1046.84,0.0,553.41,0,0
14.215,321.66,366.17,200,863,542.61,950.75,0.571,511.51,0,0
14.234,307.86,374.58,188,863,2338.97,845.99,2.765,502.91,0,0
14.272,283.7,391.41,223,863,4676.68,779.45,6.0,475.48,0,0
14.284,276.82,396.87,258,863,3306.03,721.47,4.582,466.51,0,0
14.343,249.95,423.64,307,863,1480.86,640.18,2.313,443.05,1,0
14.354,246.29,428.5,344,863,4240.46,567.82,7.468,445.36,0,0
14.405,233.94,451.86,371,863,227.4,512.61,0.444,433.38,0,0
14.418,232.26,457.58,406,863,4507.28,470.97,9.57,441.08,0,0
14.458,230.47,475.36,436,863,396.49,451.76,0.878,438.76,0,0
14.482,231.94,486.07,463,863,789.65,449.7,1.756,442.11,0,0
14.525,239.41,504.98,486,863,2815.66,472.67,5.957,434.72,0,0
14.543,244.49,512.96,501,863,10329.85,513.25,20.126,433.97,0,0
14.584,259.8,530.46,521,863,3215.4,565.36,5.687,422.85,0,0
14.608,271.18,540.4,550,815,2317.07,632.14,3.665,391.33,1,0
14.68,315.64,568.95,557,766,774.42,738.61,1.048,311.58,0,0
14.704,334.12,578.19,554,734,1742.18,849.78,2.05,269.49,0,0
14.731,356.76,588.24,540,790,11792.94,907.99,12.988,272.55,0,0
14.747,370.92,593.96,527,855,5754.45,955.57,6.022,304.15,0,0
14.806,427.97,613.79,518,863,471.05,1032.51,0.456,264.97,0,0
14.824,447.23,619.57,513,863,560.44,1106.7,0.506,252.16,0,0
14.857,484.26,629.68,498,863,1354.89,1151.36,1.177,233.72,0,0
14.882,513.16,636.79,489,863,1140.71,1197.45,0.953,227.5,1,0
14.934,576.28,650.3,522,863,3159.7,1248.9,2.53,219.51,0,0
14.95,596.57,654.14,552,863,1314.54,1287.32,1.021,213.56,0,0
14.99,648.49,662.97,575,863,8745.73,1311.75,6.667,213.1,0,0
15.013,679.26,667.58,609,863,3417.26,1333.06,2.563,207.67,0,0
15.048,726.03,673.77,649,863,1560.06,1345.2,1.16,204.31,0,0
15.069,753.32,676.94,682,863,995.63,1351.02,0.737,199.26,0,0
15.142,851.33,685.76,708,863,371.22,1344.78,0.276,227.94,0,0
15.153,866.52,686.77,727,863,2362.91,1327.51,1.78,224.77,1,0
15.204,932.4,689.99,750,863,1172.75,1303.72,0.9,251.4,0,0
15.216,947.29,690.45,770,863,2670.87,1274.03,2.096,247.4,0,0
15.268,1011.54,691.17,785,863,0.0,1234.44,0.0,284.34,0,0
15.284,1030.45,690.96,802,863,1594.04,1185.8,1.344,285.99,0,0
15.334,1086.77,689.01,822,863,1289.7,1129.74,1.142,316.83,0,0
15.344,1097.8,688.36,837,863,441.78,1073.71,0.411,313.87,0,1
15.395,1148.84,683.96,849,863,418.68,1010.07,0.415,349.22,0,0
15.408,1161.81,682.4,856,863,4823.75,938.53,5.14,355.16,1,0
15.456,1202.73,675.91,859,863,3535.35,864.47,4.09,391.35,0,0
15.474,1216.47,673.04,857,863,670.4,782.59,0.857,406.58,0,0
15.512,1242.24,666.28,849,863,952.67,710.86,1.34,439.7,0,0
15.534,1255.27,661.9,841,863,706.25,633.53,1.115,460.51,0,0
15.606,1288.32,644.83,834,863,124.8,511.11,0.244,503.99,0,0
15.627,1294.69,639.26,829,863,54.4,403.55,0.135,516.65,0,0
15.663,1302.22,629.1,826,863,87.26,352.91,0.247,530.56,0,0
15.674,1303.67,625.82,824,863,346.35,325.86,1.063,535.11,0,0
15.735,1304.42,606.58,830,863,632.33,318.77,1.984,539.28,1,0
15.75,1302.59,601.21,836,863,497.52,358.6,1.387,535.01,0,1
